Sol,0,0,0,0,0,0,0,G2V
* b Aql,19,24,58.19997,11,56,39.88848,48.668886,G7IVHdel1
OGLE BLG-ECL-314964,18,7,9.16396,-29,29,45.04006,48.633979,
LP 299-36,3,14,12.46864,28,40,39.55048,48.630353,M6V
CD-26 16501,23,10,15.74421,-25,55,52.69999,48.606437,M2V
* alf Oph,17,34,56.06945,12,33,36.13461,48.585729,A5IVnn
LP 553-59,11,53,52.67518,6,59,56.25416,48.579289,M8V
L 119-213,22,41,58.11718,-69,10,8.32074,48.526237,
HD 150848,16,45,16.92452,-38,48,33.59686,48.511585,M0V
G 45-27,11,1,19.65849,3,0,17.21798,48.489876,M5V
SIPS J1540-2613,15,40,29.61125,-26,13,42.94721,48.481876,M7.0
CD-51 13128,21,57,41.20356,-51,0,22.23773,48.481515,M2Ve
V* CM Dra,16,34,20.33027,57,9,44.36892,48.471932,M4.5V
2MASS J22372056+7228351,22,37,20.56488,72,28,35.184,48.463001,T6
WG 39,21,57,38.35677,-51,0,31.52104,48.461273,DQ7
V* AB Dor,5,28,44.87122,-65,26,55.19915,48.439178,K0V
EGGR 258,16,34,21.55186,57,10,8.86818,48.424219,DQ8
L 358-24,23,3,35.60347,-46,50,46.9945,48.420768,M4.0V
LP 869-26,19,44,53.81318,-23,38,0.15089,48.399643,M4.5
HD 218511,23,9,40.95059,-67,43,58.15771,48.394185,K6V
WG 22,12,38,49.78112,-49,48,0.21952,48.386934,DA4.2
HD 340611,20,34,21.8847,25,3,49.75045,48.384996,DA2.4
HD 144628,16,9,42.79445,-56,26,42.54119,48.357449,K2V
UCAC4 563-099325,19,55,13.89831,22,24,58.78731,48.341107,F
HD 205390,21,36,41.24354,-50,50,43.38821,48.319264,K1V
LP 726-1,8,42,48.46483,-13,47,13.20965,48.303950,DZ10
L 125-51,2,11,18.05007,-63,13,40.92853,48.302233,M2.5V
LAWD 1,0,2,40.09479,-34,13,39.59241,48.298585,DC
Ross 136,18,22,6.67615,6,20,37.5828,48.290147,M4V
WISEP J234841.10-102844.4,23,48,41.30254,-10,28,43.25052,48.247929,T7
* psi Ser,15,44,1.81857,2,30,54.60059,48.247429,G2.5V
G 192-22,6,14,2.36168,51,40,8.07007,48.247287,M3.5V
LP 278-42,17,51,35.55568,37,49,35.27795,48.239794,M5V
G 50-6,7,51,51.38521,5,32,57.16858,48.232731,M4.5V
LP 326-21,14,44,17.17715,30,2,14.22956,48.208991,M8e
BD+33 529,2,52,7.13728,34,23,21.66827,48.194957,K5V
LP 191-43,0,8,55.16843,49,18,56.31827,48.132795,M5.5V
HD 142709,15,57,40.74402,-42,37,27.24385,48.074902,K4V
TOI-2011.01,15,21,48.14991,-48,19,3.46991,48.072493,
LP 315-42,10,11,41.57748,28,45,59.0706,48.049335,DQ
G 95-30,3,23,1.7606,42,0,26.84626,48.047423,M5V
CWISEP J093852.89+063440.6,9,38,52.51118,6,34,49.9177,48.034757,
HD 19305,3,6,26.73705,1,57,54.63053,48.011070,M0V
2MASSW J1036530-344138,10,36,53.06054,-34,41,38.37744,47.991783,L6
WISEP J234446.25+103415.8,23,44,45.56057,10,34,15.8788,47.964118,T9
LP 768-113,1,33,58.00189,-17,38,23.80642,47.950931,dM4.0
Wolf 1421,7,48,16.38579,20,22,5.24893,47.940570,M1.5V
Ross 627,11,24,12.97108,21,21,35.56981,47.934511,DA6.8
BD+40 45,0,17,6.3741,40,56,53.87082,47.904519,K7V
L 565-62,20,7,48.05233,-31,45,29.07008,47.904378,M2V(e)
CD-32 15723,20,7,44.975,-31,45,14.36722,47.882366,M4Ve
LP 593-68,3,51,0.02747,0,52,44.92247,47.878359,M8.0V
LSPM J1341+0500,13,41,21.79797,5,0,45.84536,47.854685,DC
HD 196761,20,40,11.75511,-23,46,25.91862,47.854545,G7.5IV-V
UPM J0409-4435,4,9,32.34365,-44,35,39.41486,47.836998,
WT 84,2,17,28.43754,-59,22,43.68363,47.836717,M5.5Ve
Gaia DR3 5825187972369019264,15,18,22.52226,-64,49,12.41482,47.832438,
G 252-13,8,31,30.11922,73,3,45.77573,47.813645,M4.0V
G 140-51,18,16,31.53989,4,52,45.78187,47.790035,M5V
LP 412-31,3,20,59.71148,18,54,22.77075,47.774845,M8V
G 139-21,17,15,18.93399,4,57,50.06661,47.754420,M4.5V
2MASS J13464634-0031501,13,46,46.34496,0,31,50.1312,47.753441,T6
* psi Cap,20,46,5.733,-25,16,15.23349,47.727585,F5V
G 36-26,2,36,44.12758,22,40,26.19886,47.725630,M5.0V
1RXS J005802.4+391912,0,58,1.16181,39,19,11.14904,47.691086,M4.5V
ULAS J075003.88+272545.4,7,50,3.4416,27,25,43.284,47.683626,T8.5
G 98-7,5,32,51.90134,33,49,46.58769,47.673868,M3.5V
HD 45088,6,26,10.25464,18,45,24.76102,47.673729,K2Ve
Ross 1047,15,9,35.59226,3,10,0.55279,47.648516,M2V
L 257-129,13,22,4.72683,-55,0,59.12994,47.644966,
AG+10 687,6,6,26.74258,10,44,54.41712,47.641835,F0
2MASS J18071593+5015316,18,7,15.93755,50,15,31.63679,47.637868,L1
L 291-115,0,33,13.50854,-47,33,16.51745,47.637799,M5
G 154-52,18,15,12.42434,-19,24,6.65689,47.633207,dM3.0
CWISE J032109.83+693203.8,3,21,7.13579,69,32,10.3006,47.614015,
HD 57095,7,17,29.56192,-46,58,45.27511,47.600117,K1V+K4V
L 154-205,16,47,55.15428,-65,9,11.59844,47.575537,
* w Her,17,20,39.56745,32,28,3.87796,47.574080,G0V
G 7-34,4,17,18.53365,8,49,22.0151,47.571166,M5V
UCAC4 638-030976,5,59,3.93148,37,27,25.98925,47.567905,
* 111 Tau,5,24,25.46327,17,23,0.72642,47.550984,F8V
G 217-32,0,7,42.78854,60,22,54.23016,47.544606,M4.0V
ULAS J102940.52+093514.6,10,29,40.38005,9,35,14.0406,47.544606,T8
LP 804-27,16,12,41.77941,-18,52,31.81174,47.537677,M3V
SIPS J0527-5129,5,27,30.56762,-51,29,15.8102,47.504857,dM5.5
WISE J053516.80-750024.9,5,35,17.10668,-75,0,24.5878,47.475400,Y1:+
PM J08446-4805,8,44,38.87902,-48,5,20.98373,47.474778,
HD 221503,23,32,49.39824,-16,50,44.32093,47.450812,K6V
WISEP J131106.24+012252.4,13,11,6.3024,1,22,51.9337,47.406395,T9:
BD+30 2512,14,21,57.2163,29,37,46.61677,47.371555,K6V
* iot UMa,8,59,12.45362,48,2,30.57412,47.323854,A6
GAT 1383,21,24,32.31702,40,3,59.69399,47.323304,M5.5V
HD 216133,22,50,19.42431,-7,5,24.37888,47.316782,M0.5V
LP 119-26,5,16,53.47488,56,40,19.21226,47.314586,M6.5
LP 624-54,16,14,25.1987,-2,51,0.75085,47.303743,M5.0V
LP 731-76,10,58,27.98871,-10,46,30.49779,47.294895,M5.0V
CD-36 2458,5,47,40.57888,-36,19,42.83628,47.288929,M1.5V
BD-08 2582,9,6,45.34967,-8,48,24.61451,47.285296,K7V
PG 1633+434,16,35,1.42918,43,17,36.34718,47.275015,DAZ7.6
PM J10382-4933,10,38,15.18555,-49,33,44.52404,47.263848,
HD 120036,13,47,42.16365,-32,25,48.14038,47.262136,K6+K7V
Wolf 906,21,1,58.64116,-6,19,7.47227,47.253988,M2.5V
LSPM J1431+7526,14,31,13.42878,75,26,42.23542,47.244952,M4.0V
* tet Boo,14,25,11.79695,51,51,2.67722,47.222037,F7V
CWISEP J124138.41-820051.9,12,41,36.26992,-82,0,50.9122,47.200579,
L 68-30,12,42,19.63458,-71,38,20.11277,47.200442,M3.5V
RX J1935.4+3746,19,35,29.20279,37,46,8.13743,47.183713,M3.0V
HD 97584,11,15,11.9032,73,28,30.73776,47.175728,K4V
2MASS J05131727+0608190,5,13,17.27592,6,8,19.0248,47.152812,T6.5
VB 16,6,49,5.45632,37,6,50.48799,47.130735,M4V
G 265-8,1,19,52.17391,84,9,32.79682,47.123926,M5V
2MASSI J2325453+425148,23,25,45.30343,42,51,48.3603,47.113307,L8
HD 184489,19,34,39.83988,4,34,57.04954,47.093851,M0V
* pi.01 UMa,8,39,11.70461,65,1,15.26312,47.093171,G0.5V
Wolf 1373,20,57,25.35584,22,21,45.81134,47.065988,M3V
CWISE J193518.61-154620.7,19,35,18.29212,-15,46,21.2617,47.064358,Y
CD-38 1058,3,12,29.7724,-38,5,20.17596,47.005008,M1.5V
WISE J054047.00+483232.4,5,40,46.75303,48,32,38.5454,46.996542,T8.5
VVV J141159.32-592045.7,14,11,59.17407,-59,20,44.99652,46.968523,DA
G 252-25,8,59,56.20236,72,57,36.27322,46.958312,M5V
G 32-35,0,35,55.52063,10,28,35.51368,46.949863,M5V
Ross 370,3,16,13.81418,58,10,2.57958,46.922169,M0V
HD 23453,3,46,20.14013,26,12,55.82029,46.919267,M1V
CPD-58 7400,18,30,12.00614,-58,16,27.47674,46.887700,M1V
Ross 93,9,43,55.61326,26,58,8.40869,46.869373,M3.5V
* eta Cep,20,45,17.37517,61,50,19.61423,46.863110,K0IV
LP 229-30,18,43,22.12599,40,40,21.34385,46.838075,M7.5Ve
2MASS J14482563+1031590,14,48,25.63873,10,31,59.06596,46.837806,L5.5
HD 144579,16,4,56.79362,39,9,23.43458,46.834242,G8V
CD-33 10873,16,1,56.58967,-33,57,6.72516,46.794261,M3.5
LP 846-15,9,34,27.93441,-26,43,26.7921,46.719323,dM5.5
L 37-56,10,47,38.68572,-79,27,46.03706,46.714505,M3V
G 240-23,16,40,20.63482,67,36,4.73896,46.713367,M7V
G 173-37,2,7,3.85611,49,38,43.46197,46.705541,M3.5Ve
G 123-55,12,42,49.88439,41,53,47.14326,46.700191,M4.0Ve
2MASS J00492565+6518038,0,49,25.63717,65,18,3.70174,46.673860,M5
LSPM J0501+2237,5,1,18.01765,22,37,0.91306,46.668250,M5V
G 226-66,17,35,34.47852,61,40,53.62811,46.665646,M1V
CD-28 16676,20,27,41.65724,-27,44,51.74178,46.620554,M3V
PM J02133+3648,2,13,20.59102,36,48,50.53677,46.581736,M4.5V
LP 831-1,2,54,39.5141,-22,15,58.51655,46.566905,M3
LP 994-33,3,2,6.35636,-39,50,51.9103,46.565176,
* tau01 Eri,2,45,6.1988,-18,34,21.44218,46.563182,F7V
L 374-6,4,24,56.19512,-40,2,47.58993,46.551685,M3V
Wolf 433,12,38,52.44104,11,41,46.14304,46.518023,M3.5V
HD 173818,18,47,27.25061,-3,38,23.40177,46.505023,K5V
PM J19164+8413,19,16,24.88609,84,13,40.89992,46.500249,M5.0V
HD 234078,13,52,0.00528,49,57,3.2733,46.494614,K7V
2MASSI J0423485-041403,4,23,48.57638,-4,14,3.2465,46.493952,L6.5+T2
ULAS2MASS J1231+0847,12,31,47.53608,8,47,33.1116,46.460969,T6
LSR J0556+1144,5,56,57.23268,11,44,33.16119,46.384784,M5.5V
HD 150689,16,44,15.01574,-38,56,37.08744,46.380365,K3V
BD+16 2658,14,29,29.69738,15,31,57.50134,46.378452,M2/3V
LEHPM 2-2758,10,38,47.75168,-86,32,43.93071,46.288803,
WT 795,21,36,25.30387,-44,1,0.07779,46.268447,M4.5
LSPM J0357+4107,3,57,19.97809,41,7,42.62471,46.258210,M7V
2MASS J14392836+1929149,14,39,28.14994,19,29,15.90879,46.227133,L1V
LP 735-29,12,44,0.73948,-11,10,30.38707,46.216063,M4.5V
CD-48 12818,18,59,7.45804,-48,16,28.06326,46.200875,M4V
BD+67 552,8,36,25.46597,67,17,41.78263,46.184977,M0.5V
HD 318327,17,46,12.7509,-32,6,9.13887,46.145967,M1.5
HD 188088,19,54,17.74494,-23,56,27.85937,46.131738,K3VaCN1
CD-32 13298,17,46,14.4217,-32,6,8.3896,46.110542,M2.5
* 18 Sco,16,15,37.27028,-8,22,9.98213,46.108195,G2Va
2MASS J00001354+2554180,0,0,13.54488,25,54,18.0648,46.067232,T4.5
EGGR 535,10,38,55.57002,-20,40,56.83411,46.042780,DQ10P
PM J04061-0534,4,6,6.87514,-5,34,44.6163,46.021795,M3.5V
RX J0747.2+5020,7,47,13.86801,50,20,38.49835,46.017185,M4.0Ve
HD 110315,12,41,6.48509,15,22,35.99832,46.015691,K4.5V
LP 322-628,13,6,50.30516,30,50,53.9747,46.004917,M6V
Ross 863,17,7,7.48977,21,33,14.47291,45.957919,M3V
2MASSI J0318540-342129,3,18,54.07609,-34,21,29.08407,45.949632,L7
BD-03 2002,7,40,2.90134,-3,36,13.23066,45.942383,K7V
2MASS J10073369-4555147,10,7,33.69888,-45,55,14.7108,45.937465,T5
CWISEP J201146.45-481259.7,20,11,46.41543,-48,12,53.2436,45.937465,
2MASS J21543318+5942187,21,54,33.18696,59,42,18.774,45.937465,T6
2MASS J00310928+5749364,0,31,9.28752,57,49,36.4692,45.937465,L9
2MASS J10132597-7842551,10,13,25.97203,-78,42,55.14104,45.930155,L3
G 270-1,0,31,35.41251,-5,52,13.07542,45.922136,M3.5V
HD 61606,7,39,59.32861,-3,35,51.02758,45.916576,K3V
G 184-24,18,45,22.94865,18,51,58.53922,45.905460,M4.0V
HD 120467,13,49,44.80638,-22,6,39.93191,45.887054,K6Va
HD 211415,22,18,15.6134,-53,37,37.46681,45.876856,G0V
G 215-50,22,29,48.98656,41,28,48.57645,45.866017,M4V
L 617-35,13,23,38.0303,-25,54,45.14119,45.860535,dM5.0
LP 885-35,2,15,8.04246,-30,40,1.40149,45.832888,M8
BD+19 381,2,35,53.30697,20,13,11.58235,45.797878,M3V
Wolf 1039,23,34,3.33446,0,10,45.87708,45.786627,M2/3V
LP 837-53,5,55,43.2141,-26,51,23.41349,45.769407,M2.5V
CWISEP J223022.60+254907.5,22,30,23.1945,25,49,13.9437,45.744180,
2MASS J00402492+0900547,0,40,24.927,9,0,54.73,45.744180,T7
2MASS J06433670-0223130,6,43,36.70432,-2,23,13.20268,45.742511,
L 611-67,11,16,37.63292,-27,57,19.24037,45.736418,M3.5V
Ross 987,7,18,8.18072,39,16,29.30801,45.729620,M0V
* alf For,3,12,4.5298,-28,59,15.43915,45.658562,F6V
Ross 802,15,36,58.6241,-14,8,1.75092,45.638181,dM4.0
PM J14551+3006,14,55,11.45381,30,6,45.39262,45.634797,M3.8
G 204-39,17,57,50.96606,46,35,19.12768,45.619286,M2.5V
L 465-84,10,39,44.34818,-37,55,13.57446,45.609845,M2Ve
1RXS J050514.2-475625,5,5,14.42843,-47,56,15.52628,45.607676,
LSPM J1015+1729,10,15,53.9398,17,29,27.06811,45.587723,M3.5V
LP 411-6,2,46,34.71433,16,25,10.20364,45.549460,M6V
G 245-71,3,21,21.78068,79,58,2.15324,45.515263,M2.0V
WISE J032337.53-602554.5,3,23,36.83097,-60,25,52.7766,45.488982,T8.5
WISE J105553.59-165216.3,10,55,54.3871,-16,52,21.2086,45.488982,T9.5
2MASS J08195820-0335266,8,19,58.20648,-3,35,26.646,45.488982,T4
L 174-28,2,37,52.78845,-58,45,11.06392,45.486254,M3V
HD 5133,0,53,1.13486,-30,21,24.89106,45.472556,K2.5Vk:
SCR J1626-3812,16,26,51.68119,-38,12,32.57859,45.465520,dM6.5
HD 23356,3,43,55.34283,-19,6,39.2333,45.456965,K2V
L 489-3,18,29,24.24074,-34,57,45.23549,45.451454,
G 44-43,10,52,14.24964,5,55,9.82916,45.428158,dM5.5
HD 281621,4,8,37.39905,33,38,13.33194,45.411649,K7V
* 10 Tau,3,36,52.3837,0,24,5.9921,45.402230,F9IV-V
PM J04429+2128,4,42,55.86136,21,28,22.95506,45.359861,M3.5V
Ross 486,13,28,21.0795,-2,21,37.0186,45.299444,M2V
2MASSI J2254188+312349,22,54,18.92016,31,23,49.83,45.299444,T5.0
* 47 UMa,10,59,27.97275,40,25,48.92057,45.295041,G1-VFe-0.5
SCR J0736-3024,7,36,56.68451,-30,24,16.39521,45.255509,
WT 887,22,13,50.46427,-63,42,10.01027,45.252432,M5/6e
WISEA J032309.12-590751.0,3,23,8.37064,-59,7,56.4422,45.236616,T7
2MASSI J1300425+191235,13,0,42.50821,19,12,34.59865,45.211408,L1.7V
BD+52 911,5,3,23.90197,53,7,42.48405,45.190610,M0.5V
Wolf 414,12,28,57.59287,8,25,31.14743,45.132454,M4V
Ross 848,14,20,7.37035,-9,37,13.39001,45.096261,M3.5V
L 387-102,8,27,11.83317,-44,59,21.12468,44.916284,M3.5V
2MASS J03140344+1603056,3,14,3.44252,16,3,5.47228,44.906203,L0
HD 166,0,6,36.78401,29,1,17.41269,44.899156,G8V
G 18-49,22,27,2.80594,6,49,32.63154,44.874693,dM5.0
G 125-30,19,45,49.74827,32,23,13.66235,44.863274,M1.5V
2MASS J08575849+5708514,8,57,58.47214,57,8,51.41403,44.851120,L7V
Ross 1020,13,22,56.74758,24,28,3.59885,44.846926,M4V
WISE J225540.75-311842.0,22,55,40.48938,-31,18,40.3707,44.801648,T8
WISE J150115.92-400418.4,15,1,15.64423,-40,4,14.8693,44.801648,T6
HD 154577,17,10,10.351,-60,43,43.58035,44.768564,K2.5Vk:
L 524-15,6,17,47.11066,-34,1,11.66382,44.756339,
BD+09 2636,12,31,15.80508,8,48,38.16466,44.744366,M0V
G 227-28,18,21,19.83103,61,1,7.38335,44.708546,DA10
BD+39 2376,10,45,21.48679,38,30,42.30379,44.686801,K7/M0V
WISE J030449.03-270508.3,3,4,48.95107,-27,5,13.3539,44.617784,Y0pec
LP 463-23,23,37,35.98456,16,22,3.28787,44.612657,M5.5V
1RXS J033609.2+311853,3,36,8.70185,31,18,39.51679,44.552083,M4.5V
* iot Psc,23,39,57.0406,5,37,34.65391,44.534320,F7V
L 473-1,13,20,3.85682,-35,24,43.91643,44.511407,M3V
UPM J0838-2843,8,38,33.74389,-28,43,26.33977,44.486151,
APMPM J2331-2750,23,31,21.74413,-27,49,49.60801,44.448442,M7.0V
LP 911-56,13,46,46.04676,-31,49,25.52544,44.410132,M6
G 165-58,14,15,56.3761,36,16,37.36506,44.399612,M3.5V
HD 331161,19,46,23.92746,32,1,1.43905,44.399129,M0.5V+M2.5V
G 8-41,4,33,33.96303,20,44,45.8421,44.366093,M5V
HD 22496,3,35,0.93987,-48,25,8.90851,44.362955,K5V
* bet Aql,19,55,18.79284,6,24,24.35124,44.359938,G8IV
HD 145417,16,13,48.55885,-57,34,13.84399,44.345885,K3VFe-1.7
APMPM J2330-4737,23,30,16.16787,-47,36,45.08218,44.315156,M6e
WISE J035934.06-540154.6,3,59,34.24998,-54,1,46.4287,44.314674,Y0
BD+36 1970,9,31,56.33293,36,19,12.82353,44.257188,M1V
G 205-28,18,31,58.37507,40,41,11.01051,44.249622,M3.5V
G 137-84,16,9,16.26508,9,21,7.54648,44.243860,M3.0Ve
* tet UMa,9,32,51.43093,51,40,38.33331,44.177579,F7V
V* AZ Cnc,8,40,29.67916,18,24,8.72625,44.160293,M6.0V
WISE J215949.48-480854.9,21,59,49.18702,-48,8,42.3855,44.134777,T9
G 164-65,13,19,34.69694,35,6,25.16951,44.120985,M3V
L 744-10,7,28,13.0626,-18,47,35.02475,44.093488,M4.5V
HD 10436,1,43,40.72397,63,49,24.23514,44.088898,K5Vbe
2MASS J15551573-0956055,15,55,15.7762,-9,56,6.03972,44.086931,L1.6V
PM J17476-5436,17,47,36.81545,-54,36,31.163,44.081152,DC
G 248-12,4,6,37.24067,79,16,1.42792,44.081032,dM5.5
G 96-6,4,52,34.60762,40,42,24.14719,44.033601,M5V
BD+62 780,5,45,48.27631,62,14,12.3856,44.004549,K7V
L 266-69,16,33,19.67466,-52,7,56.25419,43.999444,M4e
PM J05050+4414,5,5,5.91964,44,14,3.72794,43.992204,M5.0V
G 192-11,5,59,37.75196,58,35,34.84265,43.992085,M0.0V
2MASS J12545393-0122474,12,54,53.90406,-1,22,47.3994,43.965933,T2e:
SCR J0642-6707,6,42,27.14872,-67,7,19.77012,43.965874,M5.0
* ups And,1,36,47.84154,41,24,19.65137,43.959889,F9V
LP 672-42,11,30,41.82557,-8,5,42.98933,43.953550,M3.0V
G 192-12,5,59,55.68432,58,34,15.20888,43.953313,M4.2V
G 172-1,0,28,53.90911,50,22,33.12706,43.952129,M3.7V
LP 639-1,21,56,55.24705,-1,54,9.33456,43.944430,M5V
MCC 573,10,16,45.94863,-11,57,42.40557,43.933834,dM3.0
2MASS J16001853-4543248,16,0,18.50819,-45,43,25.32434,43.878335,
G 125-34,19,48,40.81064,35,55,17.24308,43.846717,M3.5V
L 749-34,9,16,20.64447,-18,37,32.90086,43.845244,M2V
2MASSI J2356547-155310,23,56,54.7704,-15,53,11.1336,43.838172,T5.8
G 113-46,8,34,25.88544,-1,8,39.55308,43.829689,M3.5V
EUVE J0625-60.0,6,25,56.09253,-60,3,27.04218,43.825331,M5Ve
G 62-28,13,18,1.72908,2,14,2.00678,43.811438,M3.5V
WT 766,21,1,7.41081,-49,7,25.0051,43.805553,M4.5
WISE J073444.02-715744.0,7,34,45.26673,-71,57,43.4314,43.779329,Y0
CD-31 909,2,16,41.19753,-30,59,18.22457,43.736180,M3Ve
HD 120476,13,49,4.0013,26,58,47.68146,43.732368,K4V+K6V
L 750-42,9,43,46.16348,-17,47,6.29077,43.729729,sdM3
CD-31 908,2,16,35.10683,-30,58,7.49087,43.698091,M3V
WISE J031624.35+430709.1,3,16,24.0557,43,7,10.8174,43.662115,T8
L 294-112,1,52,51.58544,-48,5,41.22136,43.656154,M4.5
G 31-53,0,28,39.46488,-6,39,49.17916,43.655862,dM4.0
G 124-27,14,21,15.12492,-1,7,19.80979,43.617272,dM4.0
G 155-29,18,38,44.746,-14,29,26.02116,43.608524,dM3.5
BD+46 1889,13,39,24.10228,46,11,11.36313,43.604618,M1.0V
2MASS J06272007-1114241,6,27,20.0796,-11,14,24.1152,43.603743,T6
LP 890-27,4,26,32.6433,-30,48,1.85489,43.566816,M4.5
V* CW UMa,11,11,51.74072,33,32,11.22992,43.554890,M3.5V
RX J0128.6-1457,1,28,39.51153,-14,58,4.73345,43.547795,M3.0Ve
2MASS J21210032-6239194,21,21,0.32856,-62,39,19.4508,43.545527,T2
WT 765,21,1,5.2013,-49,6,24.27244,43.519032,DA
LP 357-56,3,54,46.21466,24,16,24.62324,43.494020,M6V
Ross 708,18,23,28.34225,28,10,3.9252,43.487467,M3.5V
BD+27 4120,21,38,0.38433,27,43,25.47465,43.435344,M1V
WISEA J220304.18+461923.4,22,3,2.85784,46,19,26.3757,43.429561,T8
2MASS J16283855+2308241,16,28,38.55,23,8,24.198,43.429561,T7.0
2MASS J12255432-2739466,12,25,54.32328,-27,39,46.6776,43.429561,T5.5+T8
2MASS J15530228+1532369,15,53,2.28072,15,32,36.9132,43.429561,T6.5+T7.5
LP 801-9,14,47,25.34085,-17,42,15.75535,43.374808,DC10
WISE J001505.87-461517.6,0,15,5.51075,-46,15,10.2556,43.371809,T8
CWISEP J104756.81+545741.6,10,47,57.50372,54,57,42.1655,43.371809,
G 23-24,20,3,50.99648,5,59,44.2384,43.340225,M2.5V
BD-07 4156,15,59,53.38168,-8,15,11.54025,43.317604,M1V
HD 214749,22,40,43.38406,-29,40,28.12421,43.299949,K4.5Vk
LP 255-11,7,3,23.169,34,41,51.39051,43.287536,M4.0Ve
SSSPM J0306-3648,3,6,11.59891,-36,47,52.85386,43.246210,M8.7V
2MASS J11220826-3512363,11,22,8.25846,-35,12,36.58061,43.234974,T2.0
LP 21-224,13,53,38.7946,77,37,8.15021,43.210745,M4.0Ve
G 44-42,10,52,4.24347,13,59,51.30479,43.203075,M4V
WISEA J220922.09-273439.9,22,9,22.7063,-27,34,35.2091,43.199470,T7
LP 912-33,13,57,13.06428,-29,22,25.92486,43.194378,dM4.0
* 58 Eri,4,47,36.2917,-16,56,4.04047,43.182941,G2.5IV-V
HD 128165,14,33,28.86785,52,54,31.64787,43.160083,K3
BD+57 2735,23,24,30.51462,57,51,15.51788,43.158141,M1.5V
LP 500-35,14,28,4.15558,13,56,13.32903,43.149348,M7V
G 154-43,18,3,36.03613,-18,58,49.98225,43.140046,M5.0V
Ross 28,4,12,58.83263,52,36,42.02135,43.138334,M4.0V
2MASS J05002100+0330501,5,0,21.01164,3,30,50.08162,43.137706,L4pec
2MASS J18242359-0536488,18,24,23.5887,-5,36,49.23718,43.101963,M6.5
HD 29697,4,41,18.85521,20,54,5.44693,43.092737,K4V
HD 166348,18,12,21.39234,-43,26,41.45281,43.078394,M0V
CTOI 231279823.01,2,50,9.73462,-53,8,20.29101,43.073502,
HD 170657,18,31,18.96101,-18,54,31.72981,43.001492,K2V
WISE J132233.64-234016.8,13,22,33.642,-23,40,16.8672,42.994463,T8
L 119-21,22,38,29.75656,-65,22,42.66603,42.988797,M3Ve
Ross 10,1,38,21.61625,57,13,56.98804,42.979959,M2.5V
CD-55 1514,6,39,37.64314,-55,36,34.83523,42.944307,M0Vk:
HD 98712,11,21,26.66383,-20,27,13.62363,42.932210,K7V+M2.5Ve
CWISEP J102201.27+145520.2,10,22,1.82621,14,55,21.6065,42.915263,
G 195-57,10,9,29.96981,51,17,19.67952,42.907585,M4V
G 161-71,9,44,54.19251,-12,20,54.37619,42.886540,M5.0V
BD-17 6785,23,38,8.15672,-16,14,10.20149,42.859771,M2V
WISE J173551.72-820900.1,17,35,52.9014,-82,8,57.7174,42.858870,T6
2MASS J21171431-2940034,21,17,14.31216,-29,40,3.4176,42.858870,T0:
G 172-30,0,57,2.69194,45,5,9.78853,42.853182,M3.0V
HD 211970,22,22,16.20616,-54,33,38.20437,42.825386,K7Vk:
BD-11 2741,9,51,9.63999,-12,19,47.47915,42.822631,dM0.5
RGO 7809,0,56,41.19374,-29,44,18.8952,42.802625,
G 50-12,7,58,9.09401,7,17,1.45381,42.757398,M5V
Ross 15,1,59,23.5137,58,31,16.10434,42.751458,M4Ve
WISE J032547.72+083118.2,3,25,47.64987,8,31,18.6369,42.746527,T7
L 194-11,12,29,34.54216,-55,59,37.04964,42.716911,M4V
G 253-6,7,55,53.92853,83,23,4.94299,42.698736,M5.0V
LP 12-382,0,30,48.50621,77,42,33.597,42.690576,
LP 206-11,7,11,11.51854,43,29,56.66532,42.690576,M5.5V
UPM J1951-3100,19,51,40.39457,-31,0,22.19322,42.670525,
LSPM J1524+2925,15,24,24.7593,29,25,31.54454,42.654677,M7.5V
2MASS J16291840+0335371,16,29,18.40896,3,35,37.104,42.634771,T2
WISE J181329.40+283533.3,18,13,29.51334,28,35,36.8572,42.579112,T8
LP 653-13,3,35,38.61427,-8,29,22.79619,42.571832,M5.5V
G 166-49,14,51,10.39625,31,6,40.32045,42.555279,M4.0Ve
WD 1703-267,17,6,41.36051,-26,43,34.71198,42.548784,DAH
HD 27274,4,15,56.90154,-53,18,35.30671,42.543678,K4.5Vk:
CWISE J004143.77-401929.9,0,41,42.02964,-40,19,14.0058,42.523598,T8pec
HD 172051,18,38,53.40106,-21,3,6.75099,42.501156,G6V
G 65-49,14,24,55.98424,8,53,15.45069,42.477853,M3V
2MASS J12215175-3136054,12,21,51.7572,-31,36,5.454,42.468229,T6.5
G 234-37,8,35,49.04056,68,4,9.12818,42.392497,M3.0V
BD+08 4887,22,33,2.22644,9,22,40.71945,42.338897,M0V
LP 658-44,5,42,12.69675,-5,27,55.56132,42.311874,M5.5V
Ross 42,5,32,14.65651,9,49,14.92756,42.283295,M4Ve
* i Boo A,15,3,47.22964,47,39,14.31806,42.223028,F5V
* 36 UMa,10,30,37.57927,55,58,49.93969,42.221661,F8V
L 601-78,7,54,54.78014,-29,20,56.10408,42.220841,M4V
LP 795-15,12,25,32.02791,-15,59,41.81663,42.205380,M5.5
HD 40307,5,54,4.2405,-60,1,24.49301,42.179290,K2.5V
HD 36003,5,28,26.09554,-3,29,58.39893,42.166312,K5V
G 138-38,16,32,33.16857,8,51,22.6727,42.164676,DA8
LP 791-3,10,44,29.19611,-18,38,7.18118,42.142067,
L 186-66,8,22,47.87269,-57,26,45.1206,42.120679,
L 715-89,22,2,0.79312,-19,28,59.19982,42.117143,dM3.5
BD+18 2776,13,45,5.08078,17,47,7.5687,42.116599,M1V
CD-38 10980,16,23,33.83805,-39,13,46.16104,42.109367,DA2
LSPM J2302+4338,23,2,52.48906,43,38,15.58218,42.097410,M4.0V
G 130-3,23,42,52.74655,30,49,21.75392,42.093498,M5V
UPM J1055-7356,10,55,15.30548,-73,56,9.09525,42.085351,M7
LP 779-34,6,15,11.98429,-16,26,15.42487,42.065268,M4.0V
G 237-64,12,23,33.18441,67,11,17.91643,42.062935,M2.5V
HD 147513,16,24,1.29114,-39,11,34.72991,42.049107,G5V
L 186-67,8,22,47.41219,-57,26,52.93732,42.013250,M4.5
LAWD 73,19,0,10.25332,70,39,51.41673,41.992749,DAP4.5
L 46-96,20,28,3.72894,-76,40,15.85669,41.978588,M4.5V
UCAC4 258-045223,9,43,29.94949,-38,33,56.11025,41.962710,M6V
G 259-15,17,31,17.20563,82,5,20.05703,41.957311,M4V
PM J14223-7023,14,22,19.47445,-70,23,37.01084,41.938591,M5
L 115-21,20,4,4.74223,-65,36,1.19264,41.925598,M5V
L 115-22,20,4,1.94657,-65,35,58.15707,41.887262,M3.5V
G 164-47,13,9,34.9717,28,59,6.3649,41.870914,M4.8V
HD 14412,2,18,58.50478,-25,56,44.47379,41.861026,G8V
G 25-8,20,53,33.06414,10,37,2.20339,41.846686,M5V
G 269-106,1,8,18.29169,-28,48,20.56925,41.835199,M4V
WISE J161705.74+180714.1,16,17,5.77433,18,7,14.0844,41.814872,T8
L 217-28,0,8,17.38302,-57,5,52.90841,41.773313,M4V
CWISE J053644.83-305539.5,5,36,44.79709,-30,55,38.8517,41.761332,
CD-32 828,2,13,53.62543,-32,2,28.47164,41.752350,M2Vk
MCC 499,7,35,21.87917,54,50,58.96924,41.727885,M2.5V
BD-09 3070,10,25,10.83711,-10,13,43.29095,41.721480,M1V
HD 158633,17,25,0.09774,67,18,24.14875,41.721426,K0
HD 82106,9,29,54.82518,5,39,18.47335,41.710862,K3V
TOI-6276.03,11,41,2.46847,-44,24,18.68674,41.693640,
CD-52 7989,17,10,59.15411,-52,30,55.83987,41.674834,M1V
Wolf 398,11,28,56.25875,10,10,39.24788,41.658652,M4V
G 63-36,13,32,44.60871,16,48,39.0197,41.617456,M3.5Ve+M4Ve
SCR J0246-7024,2,46,2.26454,-70,24,6.25944,41.604555,M4.5V
L 758-107,12,11,16.94511,-19,58,21.71085,41.570989,M2.5V
L 758-108,12,11,11.75964,-19,57,38.07067,41.558382,dM3.0
2MASS J01443536-0716142,1,44,35.40646,-7,16,14.31876,41.549699,L6.5
WISE J151906.63+700931.4,15,19,5.97911,70,9,36.5346,41.548535,T8
L 21-3,17,29,27.32079,-80,8,57.30157,41.545254,M3.5V
2MASS J05233822-1403022,5,23,38.22362,-14,3,2.01776,41.534091,L2.5
LP 560-35,14,32,8.50773,8,11,31.24907,41.516115,M6V
PM J23306-8455,23,30,38.17683,-84,55,18.92206,41.489762,
HD 190007,20,2,47.04569,3,19,34.2659,41.471140,K5V
PM J22114+4059,22,11,24.16445,40,59,58.70199,41.350369,M5.5V
HD 304043,11,16,0.20445,-57,32,51.57509,41.341983,M3.5V
Wolf 1056,0,38,59.04434,30,36,58.38759,41.339730,M2.5V
SIPS J0539-0059,5,39,52.00404,0,59,1.49109,41.314280,L5V
G 85-19,4,50,50.9266,22,7,21.53183,41.265355,M5V
WISE J165311.05+444422.8,16,53,11.0902,44,44,26.8349,41.233375,T8
1RXS J063531.2-040314,6,35,29.85088,-4,3,18.3358,41.200092,M5.5V
2MASS J17074571-1744523,17,7,45.71904,-17,44,52.3572,41.181313,T5:
LAWD 10,1,37,59.39368,-4,59,44.66854,41.158863,DA+D1
L 320-124,10,14,51.77869,-47,9,24.19278,41.118701,M3.5V
L 207-41,18,49,51.20535,-57,26,48.596,41.069306,M3.5V
* rho01 Cnc,8,52,35.8111,28,19,50.95499,41.052661,K0IV-V
G 76-62,3,9,0.16737,10,1,25.65076,41.050077,M5V
HD 69830,8,18,23.94697,-12,37,55.81719,41.028338,G8:V
SIPS J0921-2104,9,21,14.10689,-21,4,44.41769,40.988326,L1
CFBDS J003402-005206,0,34,2.7971,0,52,3.946,40.974372,T8.5
* lam Aur,5,19,8.47545,40,5,56.58508,40.973291,G1.5IV-VFe-1
WISE J083337.82+005214.1,8,33,37.30144,0,52,30.8685,40.922961,T9
UCAC4 767-032810,4,49,6.16027,63,17,10.17354,40.906999,G
VB 24 A,15,40,3.61968,43,29,39.1376,40.843938,M3V
WISE J201920.76-114807.5,20,19,20.49594,-11,48,6.8871,40.820526,T8:
SCR J1841-4347,18,41,9.81588,-43,47,32.73512,40.803622,
LP 888-18,3,31,30.25621,-30,42,38.82545,40.796630,M7.5V
* i Boo,15,3,47.29565,47,39,14.62277,40.794997,G0Vn
L 211-59,21,3,13.94636,-56,57,48.3417,40.758750,M4V
PM J07199+8404,7,19,58.04855,84,4,38.14187,40.757222,M2.5V
LP 649-72,2,14,12.56233,-3,57,43.58863,40.741592,M5.5V
G 7-4,3,47,20.88933,8,41,47.09276,40.741388,M5V
G 205-35,18,41,37.39888,39,42,12.14916,40.716467,dM5.0
L 22-69,19,20,54.37612,-82,33,16.16789,40.711791,M3.5V
G 207-19,19,8,29.9254,32,16,51.61241,40.676199,M3V
LP 756-18,20,55,37.11528,-14,3,54.87864,40.665397,M4.5V
TRAPPIST-1,23,6,29.36849,-5,2,29.0373,40.661594,M7.5e
SCR J0754-3809,7,54,54.84266,-38,9,37.78002,40.638745,
G 86-28,5,10,39.52049,29,46,47.93547,40.599338,M3.0V
L 87-10,1,4,6.95851,-65,22,27.18411,40.595093,M4
V* DY Psc,0,24,24.63174,-1,58,19.95441,40.594891,M9.5V
2MASS J04013766+2849529,4,1,37.59225,28,49,52.70455,40.576558,L4.0
LEHPM 5031,22,41,59.36752,-75,0,33.05945,40.568685,M5.5
L 489-58,18,53,39.91327,-38,36,44.45311,40.559402,M3.5V
L 601-78 A,7,54,54.73368,-29,20,56.35861,40.527551,
* bet TrA,15,55,8.56206,-63,25,50.61553,40.523623,F1V
Wolf 1539,4,52,5.73212,6,28,35.58868,40.484941,M2V
WISE J221216.33-693121.6,22,12,14.81296,-69,31,20.6538,40.466005,T9
2MASS J08300825+4828482,8,30,8.1496,48,28,47.53866,40.451501,L9.5
WISE J022322.36-293257.2,2,23,22.74767,-29,33,0.5868,40.415861,T7.5
2MASS J04390101-2353083,4,39,1.00485,-23,53,8.49519,40.402544,L4.5
Wolf 940,21,46,40.42289,0,10,23.7715,40.396889,dM4.0
G 70-28,1,0,56.37012,-4,26,56.5584,40.371937,M4.0V
G 139-29,17,17,44.08146,11,40,12.50924,40.345519,M5V
UCAC4 414-032626,7,27,14.16327,-7,18,37.09044,40.330203,A
WISEP J231939.13-184404.3,23,19,39.08896,-18,44,5.9733,40.315946,T7.5
LSPM J0746+2000,7,46,42.56207,20,0,32.1839,40.315946,L0+L1.5
Ross 92,9,41,2.05293,22,1,28.34236,40.254395,dM5.0
HD 196877,20,42,18.78294,-52,41,57.35236,40.252308,K7V
L 85-31,23,53,25.22346,-70,56,41.14837,40.198580,M3.5
2MASS J18000116-1559235,18,0,1.1678,-15,59,23.95507,40.193626,L4.5
G 75-35,2,41,15.13724,-4,32,17.82627,40.167539,M4.5V
Ross 567,3,53,10.43546,62,34,8.06602,40.165808,M3.0V
L 362-29,0,4,36.43753,-40,44,2.88016,40.155819,M4V
L 89-27,2,7,23.25201,-66,34,11.4982,40.128251,M1.5V
2MASS J09205549+4539058,9,20,55.48421,45,39,5.07121,40.120649,L9.5
G 234-53,9,2,52.87117,68,3,46.57414,40.086969,M4.0V
LP 35-347,8,25,52.81547,69,2,1.09051,40.081550,M7V
HD 175224,18,57,30.59551,-55,59,30.80219,40.068305,K5Ve+K7Ve
HD 233153,5,41,30.73068,53,29,23.2906,40.036629,M1.0V
HD 37394,5,41,20.33568,53,28,51.80882,40.019779,K0V
LAWD 34,10,57,35.1342,-7,31,23.17678,40.015066,DC
LP 734-32,12,10,5.60124,-15,4,16.96125,39.984651,dM3.5
LP 292-67,0,20,29.40826,33,5,6.42785,39.983769,M5.5V
L 228-92,3,38,55.91438,-52,34,10.61227,39.965004,M4.5
G 182-36,18,2,46.26363,37,31,2.97219,39.902225,dM5.0
G 181-39,17,19,52.71233,41,42,49.69962,39.901932,M2V
L 18-22,12,20,33.67727,-82,25,57.54489,39.897100,M3.0V
2MASS J04574602-0207179,4,57,46.02168,-2,7,17.9508,39.775122,T2
G 139-12,17,7,40.85422,7,22,6.73608,39.775122,M5V
WT 1827,10,43,2.85453,-9,12,40.8513,39.774879,M5.5V
2MASS J06244595-4521548,6,24,45.94493,-45,21,54.75801,39.763096,L6.5
G 177-25,13,10,12.62925,47,45,18.67379,39.756068,M5.0V
L 425-35,21,30,47.67269,-40,42,29.45384,39.730498,M4V
WISE J071301.84-585445.1,7,13,1.74448,-58,54,48.8818,39.726675,T9
G 32-5,0,15,49.24231,13,33,22.31627,39.681338,M4V
WISE J080622.22-082046.4,8,6,21.97627,-8,20,33.8558,39.678345,
HD 72673,8,32,51.49568,-31,30,3.06496,39.674484,K1V
2MASS J00470038+6803543,0,47,0.38664,68,3,54.3672,39.630134,L9pec
G 85-52,5,12,42.22657,19,39,56.35711,39.625126,M0V
L 43-72,18,11,15.35472,-78,59,23.1108,39.615693,M4.5
L 362-29 BC,0,4,34.86717,-40,44,6.46354,39.607707,L5+L5
LP 335-12,18,39,33.07482,29,52,16.49203,39.603186,M6.5Ve
SCR J0914-4134,9,14,17.4289,-41,34,37.85291,39.553046,
G 39-29,4,38,12.62366,28,12,59.9112,39.534061,M4.5Ve
G 221-5,3,10,58.30207,73,46,19.68839,39.457250,M5V
L 570-29,21,38,43.65987,-33,39,55.19563,39.449281,M3.5V
ULAS J232123.79+135454.9,23,21,23.7655,13,54,59.2431,39.390821,T7.5
BD+44 3567,20,45,4.09924,44,29,56.64514,39.347909,M2V
G 247-15,4,12,17.01513,64,43,55.62344,39.341976,M4V
SCR J1746-3214,17,46,40.6586,-32,14,4.50439,39.305185,M5.5
WISE J101808.04-244557.9,10,18,8.00535,-24,45,49.347,39.295904,T8
* zet01 Ret,3,17,46.16345,-62,34,31.15246,39.284544,G2.5VHdel1
* zet02 Ret,3,18,12.81888,-62,30,22.90471,39.267234,G1V
Wolf 654,17,11,34.74786,38,26,33.91533,39.263405,M4V
Ross 149,18,36,19.23189,13,36,26.37343,39.227846,M4V
* gam Vir,12,41,39.62823,-1,26,57.85423,39.204505,F1-F2V
WISE J201824.97-742327.5,20,18,25.1304,-74,23,29.8392,39.201442,T7
WT 2458,9,45,58.43177,-32,53,29.9989,39.178039,M4.5
V* VV Lyn A,7,31,57.71168,36,13,10.11056,39.117378,
Ross 989,7,31,57.32312,36,13,47.35761,39.107434,M4.0V
G 148-47,12,21,26.72619,30,38,37.63424,39.077821,M4.5e
G 107-70,7,30,47.30952,48,10,26.6124,39.068085,DA+DA
G 208-42,19,51,9.3206,46,29,0.21381,39.063406,M4.0Ve
G 148-48,12,21,27.05454,30,38,35.67711,39.058821,M5
WISE J102557.72+030755.7,10,25,58.53541,3,7,57.4322,39.013876,T8.5
LSPM J1731+2721,17,31,29.74248,27,21,23.24041,38.988692,L1.0
BD+47 612,2,22,14.64376,47,52,48.10486,38.985616,M0V
L 504-27,23,36,52.30301,-36,28,51.68681,38.978254,M4.5V
PM J09218-0219,9,21,48.12986,-2,19,43.34086,38.977416,M2.5V
L 736-30,4,53,49.97992,-17,46,24.30927,38.972060,M3V
V* DS Leo,11,2,38.34202,21,58,1.70001,38.937398,M1.0Ve
G 184-31,18,49,54.46632,18,40,28.65796,38.927035,M4.5V
BD+27 1348,7,16,19.77164,27,8,33.09903,38.885498,M3V
2MASS J19590564-3338314,19,59,5.64912,-33,38,31.4412,38.874374,T8
* lam Ser,15,46,26.61421,7,21,11.04738,38.864461,G0-V
Ross 46,5,34,52.11537,13,52,46.71043,38.841690,M3V
LP 415-302,4,39,31.62199,16,15,42.95519,38.830499,M5.5Ve
LP 276-22,16,46,31.52811,34,34,55.18081,38.824444,M6.0V
G 244-47,2,1,35.34072,63,46,11.99741,38.802504,M2.5V
HD 97101,11,11,5.17196,30,26,45.66322,38.746635,K7V
G 123-45,12,36,28.63324,35,12,0.83221,38.725519,M4.5V
LP 380-6,13,48,13.41212,23,36,48.70588,38.724553,M5V
EGGR 375,19,18,58.63073,38,43,21.47921,38.715498,DC7
V* VV Lyn,7,31,57.71727,36,13,9.79367,38.708284,M2.5V
G 236-2,9,42,51.72753,70,2,21.8781,38.690697,M3.5Ve
WISE J154214.00+223005.2,15,42,14.71369,22,30,9.2468,38.689917,T9.5
EGGR 438,13,48,3.01033,23,34,46.44356,38.685099,DC9
WT 392,13,13,9.32811,-41,30,39.74048,38.683355,M5
G 236-1,9,42,34.84073,70,2,1.96433,38.677025,M2.5Ve
L 645-73,22,38,25.43878,-29,21,24.60887,38.658962,M3.5V
L 645-74,22,38,24.66507,-29,21,14.07281,38.654014,M2V
G 245-40,2,1,54.16259,73,32,31.68801,38.646961,M4.5Ve
2MASS J14252798-3650229,14,25,27.98453,-36,50,23.24862,38.634051,L4
Wolf 918,21,9,17.42715,-13,18,9.01313,38.625678,M1V
HD 125072,14,19,4.83429,-59,22,44.53656,38.551397,K3IV
WISEA J120604.25+840110.5,12,6,8.18576,84,1,13.1015,38.507202,Y0
G 234-5,7,34,27.43296,62,56,29.35833,38.507156,M0V
2MASS J11553952-3727350,11,55,39.53618,-37,27,35.50301,38.493750,L2e
BD-05 1737,6,40,13.98527,-5,52,23.37769,38.463199,M2
WISEA J033515.07+431044.7,3,35,14.2697,43,10,53.2202,38.461792,T9
Ross 165,19,45,45.48888,27,7,31.8468,38.326204,M4V+M4V
L 127-97,2,52,22.16959,-63,40,47.31907,38.318640,M2.5V
G 112-21,7,28,45.4393,-3,17,53.31488,38.273270,M3V
WISE J085716.24+560407.6,8,57,17.10196,56,4,10.0604,38.236342,T8
PM J19515-3510,19,51,35.8788,-35,10,37.578,38.236342,M4
Ross 271,22,11,30.09411,18,25,34.30467,38.188886,M2V
BD+45 2247,15,0,55.56765,45,25,34.58307,38.186248,M0V
2MASSW J1506544+132106,15,6,54.3299,13,21,6.03935,38.180392,L3
CD-35 2213,5,17,22.90754,-35,21,54.65955,38.168373,M4Ve
L 623-94,15,22,12.98004,-27,49,42.57851,38.158861,dM4.5
* zet Dor,5,5,30.65567,-57,28,21.7369,38.136508,F9VFe-0.5
CD-57 1079,5,5,47.37207,-57,33,13.79532,38.133476,K7Vk
SSSPM J0829-1309,8,28,34.17164,-13,9,19.84145,38.101713,L2
L 43-72 A,18,11,15.22737,-78,59,22.77098,38.087164,
LSR J2000+3057,20,0,5.69857,30,57,32.09884,38.068626,M6Ve
G 34-23,1,22,10.3313,22,9,2.74032,38.066760,M4.0V
CD-56 5362,14,13,12.873,-56,44,31.40852,38.047221,M2V:
LSR J0602+3910,6,2,30.46671,39,10,58.58846,38.032403,L1V
WISE J023842.60-133208.2,2,38,42.66031,-13,32,0.2414,38.013520,
G 41-8,8,56,19.54591,12,39,49.77989,38.011615,M6V
L 308-57,6,21,6.66175,-49,5,37.95048,37.964980,
Wolf 230,5,7,49.30029,17,58,57.65958,37.881421,M2V
G 250-31,6,57,57.11887,62,19,19.36632,37.881069,M6V+M5V
SCR J1855-6914,18,55,47.87059,-69,14,14.92972,37.863082,M6e
2MASSW J2224438-015852,22,24,43.85441,-1,58,53.28498,37.858468,L4.5V
2MASS J02511490-0352459,2,51,14.99891,-3,52,48.0748,37.796257,L3
LAWD 79,19,56,29.22634,-1,2,32.67107,37.720810,DA6.4
WISEP J062309.94-045624.6,6,23,9.6827,-4,56,23.52372,37.705896,T8
SSSPM J1358-3938,13,58,5.40544,-39,37,55.13549,37.688250,
CD-60 7821,21,59,34.70294,-59,45,10.133,37.679194,M2V
V* CC Eri,2,34,22.56619,-43,47,46.86912,37.656964,K7V
Ross 85,9,41,10.36034,13,12,34.42417,37.653834,M2.5V
MCC 568,10,12,4.67198,-2,41,5.17073,37.641101,M2.5V
2MASS J23594034-7335055,23,59,40.34928,-73,35,5.5032,37.618916,T5.5
Ross 119,11,54,7.88653,9,48,22.811,37.584842,M4.0Ve
2MASS J12462965-3139280,12,46,29.6556,-31,39,28.45426,37.568218,T1
PM J21472-0444,21,47,17.45444,-4,44,40.69528,37.543915,M4.0V
LP 732-35,11,31,8.38722,-14,57,21.25204,37.532336,M4.5V
BD+44 4548,0,5,10.8892,45,47,11.64146,37.519427,M2Ve
L 802-6,2,58,10.22844,-12,53,6.00234,37.507561,sdM3.0
PM J00156+4735,0,15,39.03895,47,35,21.97699,37.492428,
RX J0713.1-0511,7,13,11.22156,-5,11,48.61898,37.486179,
UCAC2 16493854,19,12,39.25437,-36,14,56.56411,37.452991,
CWISE J010528.09-783420.4,1,5,26.62544,-78,34,17.9451,37.403211,
G 201-27,14,57,53.73186,56,39,24.47221,37.401838,M5.5V
V* OT Ser,15,21,52.93255,20,58,39.91087,37.349628,M1.0V
PM J05366+1117,5,36,38.46177,11,17,48.78128,37.340990,M4.0Ve
HD 222237,23,39,37.38737,-72,43,19.75545,37.329408,K3+V
WOH G 618,5,53,26.45289,-71,33,49.78948,37.198322,M6.0
LP 838-16,6,7,43.73639,-25,44,41.503,37.189118,M3
2MASS J18283572-4849046,18,28,35.72256,-48,49,4.638,37.105347,T6
Ross 52,14,53,51.39958,23,33,21.0215,37.090578,M3V
LSR J0539+4038,5,39,24.80451,40,38,42.83553,37.073841,M8.0Ve
G 204-57,18,18,3.40005,38,46,34.2614,37.071017,M4V
2MASSI J1546271-332511,15,46,27.186,-33,25,11.1828,37.063182,T5.7
G 204-58,18,18,4.22678,38,46,32.60602,37.058592,M3V
WISE J003829.05+275852.1,0,38,29.08541,27,58,50.9377,36.979138,T9
LP 938-71,1,2,51.05127,-37,37,43.76502,36.940815,M8.0V
G 3-14,1,43,20.17906,4,19,17.95979,36.934750,M2V
HD 38,0,5,41.01985,45,48,43.50716,36.878788,K6V+M0.5V
PM J17189-4131,17,18,54.55034,-41,31,40.07873,36.806498,dM6.5
HD 85512,9,51,7.0518,-43,30,10.02369,36.781594,K6Vk:
LP 625-34,16,40,5.98416,0,42,18.85136,36.773631,M5V
2MASS J16452211-1319516,16,45,22.09214,-13,19,52.25788,36.771931,L1.5
G 107-69,7,30,42.77843,48,11,58.58889,36.761114,M4V
G 180-60,16,31,18.78906,40,51,51.70553,36.719893,M6V
* alf Boo,14,15,39.67207,19,10,56.67298,36.716875,K1.5IIIFe-0.5
2MASS J19251275+0700362,19,25,12.76136,7,0,36.34397,36.647936,L7
2MASS J07003664+3157266,7,0,36.72333,31,57,25.46287,36.639249,L3+L6.5
HD 28343,4,29,0.12382,21,55,21.71729,36.624273,M0.5V
LSPM J0840+3127,8,40,15.98343,31,27,6.80892,36.617859,M3.5V
EGGR 248,5,51,19.48186,0,10,21.10715,36.600641,DQ8P
Ross 508,15,23,51.13709,17,27,57.44386,36.593948,dM5.0
BD-11 916,4,37,41.86578,-11,2,19.97211,36.568797,M1V
L 136-37,7,20,52.03602,-62,10,11.59257,36.565804,M3
L 762-51,13,45,50.71469,-17,58,5.61164,36.513161,dM3.5
HD 74576,8,43,18.03037,-38,52,56.57085,36.502291,K3V
L 380-8,6,10,52.87587,-43,24,17.65768,36.494612,M3.5V
UPM J0812-3529,8,12,27.066,-35,29,43.32407,36.439405,DAH
* gam Ser,15,56,27.18266,15,39,41.80958,36.415686,F6V
* tet Per,2,44,11.98662,49,13,42.41467,36.366839,F8V
SCR J0717-0501,7,17,17.09355,-5,1,3.54746,36.312099,M3.5V
SCR J0838-5855,8,38,2.16193,-58,55,58.46547,36.242415,M6e
WISE J161215.94-342028.5,16,12,16.17205,-34,20,22.4275,36.239556,T6.5
G 218-20,1,1,59.49493,54,10,57.70184,36.234362,dM5.5
HD 176029,18,58,0.13623,5,54,29.24071,36.231021,M1.0V
* 54 Psc,0,39,21.80539,21,15,1.7129,36.229572,K0.5V
OGLE BLG-ECL-216148,17,58,5.59536,-34,27,56.73825,36.222933,
LSR J1826+3014,18,26,11.00319,30,14,18.87547,36.205040,M8.5V
HD 166620,18,9,37.41621,38,27,27.99802,36.189935,K2V
LP 993-115,2,45,10.72549,-43,44,32.03579,36.168344,M4
HD 11507,1,52,49.17256,-22,26,5.48815,36.072380,M0V
Wolf 1561 A,22,17,18.97286,-8,48,12.32164,36.043599,M4V
EGGR 148,21,42,41.00631,20,59,58.1239,36.021267,DQ6
WISE J083011.97+283716.6,8,30,12.20039,28,37,37.772,35.999558,
Ross 1003,11,41,44.63584,42,45,7.10212,35.963991,M4.0V
WISE J075946.98-490454.0,7,59,47.37747,-49,4,56.718,35.959868,T8
CD-51 5974,11,43,19.82006,-51,50,25.93059,35.946591,M0V
2MASS J15354167+2225254,15,35,41.68255,22,25,25.73387,35.925091,
2MASS J12171110-0311131,12,17,11.10288,-3,11,13.1748,35.920264,T7.5
* bet Vir,11,50,41.71852,1,45,53.00154,35.882919,F9V
2MASS J16241436+0029158,16,24,14.36712,0,29,15.8172,35.880748,T6V
* bet Leo,11,49,3.57834,14,34,19.40903,35.876801,A3Va
L 750-52,9,44,47.34821,-18,12,48.9691,35.843997,M3.5Ve
HD 115404,13,16,51.05143,17,1,1.8409,35.834388,K2V
WISE J014807.25-720258.7,1,48,7.25544,-72,2,58.7472,35.801976,T9.5
LP 853-12,12,39,36.43657,-26,58,10.9615,35.796985,
CD-45 1184,3,32,55.85718,-44,42,7.00385,35.783240,M2.5V
LP 271-25,14,28,43.22752,33,10,39.25931,35.777077,M9Ve
LP 851-346,11,55,42.85189,-22,24,58.79739,35.735604,M7.5V
V* DN Dra,16,48,25.63184,59,3,22.65899,35.707905,DA4.0
BD+36 2393,13,37,28.76855,35,43,3.94501,35.689306,K7.5V
2MASS J15345704-1418486,15,34,56.93234,-14,18,49.25208,35.676033,M8.6V
V* V816 Her,18,42,44.97861,13,54,16.72757,35.659338,M5V
G 239-25,14,42,21.57564,66,3,20.84485,35.653608,M3V
G 250-29,6,54,4.37302,60,52,18.10416,35.602197,M3.0V
BD+10 1032,6,10,54.80387,10,19,4.99464,35.587125,M2.5V
LP 847-48,9,55,23.86244,-27,15,40.72513,35.553337,M3V
LP 229-17,18,34,36.65218,40,7,26.3841,35.529170,M4V
L 34-26,7,49,12.67831,-76,42,6.71531,35.518800,M3Ve
LP 760-3,22,28,54.34884,-13,25,19.45759,35.514198,M6.5V
Ross 594,4,30,25.29163,39,50,59.41988,35.512380,M5V
Wolf 1478,14,31,1.16065,-12,17,45.9517,35.491783,dM3.5
2MASS J07584037+3247245,7,58,40.35177,32,47,23.9848,35.478927,T0.0+T3.5
EGGR 381,0,12,14.74499,50,25,20.73628,35.465386,DA7.6
L 513-23,2,39,50.71125,-34,7,57.5621,35.450660,M2.5V
EGGR 473,2,48,36.42912,54,23,22.46461,35.437795,DAZ9
2MASS J22282889-4310262,22,28,28.89432,-43,10,26.274,35.413246,T6.5
WISE J210200.15-442919.5,21,2,0.15792,-44,29,19.5324,35.336511,T9
L 763-63,13,59,10.41097,-19,50,3.65522,35.271967,M4.5V
WISE J231336.38-803700.1,23,13,35.23754,-80,36,56.142,35.222030,T8
2MASSI J0825196+211552,8,25,19.61257,21,15,51.54936,35.221802,L7.5V
Ross 145,18,41,59.03577,31,49,49.76336,35.217200,M2V
SCR J2009-0113,20,9,18.24771,-1,13,38.31282,35.202072,M5.0V
CD-23 9765,11,9,31.34491,-24,35,55.11909,35.144757,M2V
HD 147379,16,16,42.74635,67,14,19.83165,35.117134,M1-Ve
RX J1214.1-2345,12,14,8.67783,-23,45,16.91162,35.112370,M4.0Ve
HD 13445,2,10,25.91817,-50,49,25.46518,35.098805,K1.5V
V* V857 Cen,11,31,46.51325,-41,2,47.17663,35.097559,M3.5
Ross 867,17,19,52.96542,26,30,2.66776,35.086270,M4.5V
Ross 868,17,19,54.20777,26,30,3.069,35.075931,M3.5V
TVLM 513-46,15,1,8.18646,22,50,2.13787,35.008238,M8.5V
V* AT Mic,20,41,51.15925,-32,26,6.82833,34.882995,M4.5Ve+M4.5Ve
2MASS J02431371-2453298,2,43,13.71792,-24,53,29.8356,34.838282,T6.0
SCR J0821-6703,8,21,26.70159,-67,3,20.02453,34.818943,DA10.0
L 23-30,20,46,37.06683,-81,43,13.64478,34.792534,M2.5V
HD 111631,12,50,43.56682,0,46,5.26773,34.751163,M0V
DENIS J145407.8-660447,14,54,7.96668,-66,4,47.39571,34.718943,L3.5
G 261-6,19,24,16.30667,75,33,11.84501,34.672586,M6V
G 22-26,19,22,2.07044,7,2,30.31464,34.626389,M4V
LP 867-15,18,42,11.09494,-23,28,58.63053,34.618046,dM4.5
G 107-48,7,7,37.75193,48,41,13.50748,34.616430,dM4.5
L 98-59,8,18,7.62144,-68,18,46.80537,34.599391,M3V
LP 775-31,4,35,16.14867,-16,6,57.21331,34.585082,M8Ve
LP 860-41,15,52,44.61167,-26,23,13.70841,34.566059,M6.0V
G 68-8,23,21,37.44867,17,17,25.39114,34.562616,M3.5V
G 185-18,19,21,38.7002,20,52,3.28471,34.550790,M4.0Ve
* iot Per,3,9,4.0193,49,36,47.80205,34.498822,G0V
HD 209290,22,2,10.2751,1,24,0.83216,34.490613,M0.5V
WISE J181849.69-470146.4,18,18,49.71046,-47,1,41.5413,34.477378,
2MASS J00501994-3322402,0,50,19.94352,-33,22,40.2708,34.477378,T7
LP 647-13,1,9,51.2021,-3,43,26.39,34.469180,M9Ve
G 159-3,1,51,4.10091,-6,7,4.99655,34.436862,M4.5Ve
2MASSW J1047539+212423,10,47,53.85456,21,24,23.4684,34.430064,T6.5
Wolf 44,1,1,20.04922,61,21,56.68165,34.343020,M2.0V
BD+63 869,9,56,8.67092,62,47,18.46462,34.314981,M0.5V
BD+02 348,2,12,20.9874,3,34,32.23237,34.274269,M1V
LAWD 74,19,20,34.92293,-7,40,0.06596,34.268795,DBQA5
L 923-22,19,20,33.45875,-7,39,43.7525,34.267859,M5V
WISEP J050003.05-122343.2,5,0,3.42278,-12,23,48.2755,34.260084,T8
LSPM J0330+5413,3,30,48.89033,54,13,55.15559,34.254003,M7V
2MASS J05591914-1404488,5,59,19.18725,-14,4,49.20691,34.234408,T4.5
L 140-289,9,42,49.59966,-63,37,55.87693,34.161081,M4.5V
WISE J222055.31-362817.4,22,20,55.0734,-36,28,16.5229,34.152461,Y0
G 169-29,16,50,57.93689,22,27,5.66523,34.145346,M5V
LP 169-22,11,19,30.61037,46,41,43.13471,34.144523,M5.5
HD 154363,17,5,3.39443,-5,3,59.43894,34.128517,K4/5V
CWISE J144606.58-231719.0,14,46,7.4313,-23,17,4.3324,34.116736,
LP 783-1,7,38,40.96041,-21,13,28.48188,34.094126,dM3.0
HD 304636,9,21,37.60154,-60,16,55.03002,34.081728,M0V
LP 852-7,12,5,26.67391,-23,33,12.13905,34.009408,DA5.7
2MASS J09083803+5032088,9,8,38.00918,50,32,8.20534,33.999729,L8
1RXS J053328.4-425713,5,33,28.03747,-42,57,20.54774,33.998666,M4.0Ve
HD 122303,14,1,3.18823,-2,39,17.51981,33.989631,M0V
2MASS J12373919+6526148,12,37,39.19632,65,26,14.8092,33.949828,T6.5
WISE J043052.92+463331.6,4,30,52.05385,46,33,27.4669,33.939230,T8
LP 848-50,10,42,41.36169,-24,16,4.10147,33.921828,M6.5V
CPD-69 177,3,10,31.0196,-68,36,3.38077,33.909801,DA3.0
LSPM J2044+1517,20,44,37.48039,15,17,34.78155,33.903175,M7.5
BD+25 3173,16,58,8.84961,25,44,38.97405,33.892218,M2V
L 167-14,22,56,24.6748,-60,3,49.24661,33.856017,M4.5V
* bet Gem,7,45,18.94987,28,1,34.316,33.784545,K0IIIb
ULAS J133553.45+113005.2,13,35,53.5979,11,30,7.151,33.728645,T8.5
LP 245-10,2,17,10.01814,35,26,32.5419,33.716268,M7V
WISE J094305.98+360723.5,9,43,5.42488,36,7,28.8483,33.589701,T9.5
G 142-11,19,9,50.87238,17,40,6.4015,33.540720,M4V
LSR J0510+2713,5,10,20.08741,27,14,1.86444,33.514286,M7V
EGGR 250,9,15,56.07743,53,25,23.85761,33.505162,DCP7
LSR J0419+4233,4,19,52.13085,42,33,30.41933,33.469405,M8/9V
G 100-28,5,40,25.73112,24,48,7.86312,33.417623,M7V
L 273-106,18,43,6.97506,-54,36,48.36572,33.397160,M5
L 363-38,0,43,26.00245,-41,17,34.02754,33.396818,M3V
L 788-37,22,13,42.8631,-17,41,8.67061,33.391553,dM4.5
SCR J1245-5506,12,45,52.52283,-55,6,50.13975,33.346181,M5e
Ross 41,5,28,0.15145,9,38,38.15597,33.319712,M3.5V
* alf Men,6,10,14.47258,-74,45,10.95833,33.309844,G7V
G 19-15,17,11,52.2537,-1,51,6.3227,33.216825,M3V
WISE J161441.46+173935.5,16,14,41.07507,17,39,40.4808,33.213442,T9
G 97-15,5,4,14.75849,11,3,23.86206,33.201744,M5V
HD 103932,11,57,56.20635,-27,42,25.36659,33.180329,K4+V
WISEU J050305.68-564834.0,5,3,4.81064,-56,48,36.1305,33.179654,
WISE J081117.81-805141.3,8,11,17.81808,-80,51,41.3856,33.112284,T9.5:
WISE J181210.85+272144.3,18,12,10.824,27,21,44.3376,33.112284,T8.5:
BD+05 3409,17,30,22.7283,5,32,54.66536,32.997079,M1.0V
HD 223889,23,53,50.11231,-75,37,57.1181,32.995377,M3
G 115-42,9,0,32.47641,46,35,11.09617,32.890233,M4.5Ve
L 480-69,15,36,34.48727,-37,54,22.95069,32.883734,M4.5V
HD 122064,13,57,32.05836,61,29,34.30012,32.834772,K3V
BD+66 34,0,32,29.43301,67,14,8.41377,32.828988,M2V+M3V
G 146-58,10,41,37.87589,37,36,39.16124,32.792054,M4.0V
WISE J064723.23-623235.5,6,47,23.22644,-62,32,39.7006,32.779497,Y1
APMPM J0237-5928,2,36,32.45936,-59,28,5.54281,32.771889,M4.5V
G 195-59,10,12,34.77825,57,3,48.98747,32.760236,M3.5V
HD 10780,1,47,44.83444,63,51,9.011,32.749809,K0V
2MASS J13243553+6358281,13,24,35.53752,63,58,28.1532,32.713741,L8.0+T3.5
G 137-78,16,2,50.94465,20,35,21.03627,32.682665,M4V
WISE J033605.05-014350.4,3,36,5.24056,-1,43,38.7643,32.680962,Y0
Ross 440,9,31,19.41603,-13,29,18.9355,32.654786,M3V
HD 260655,6,37,10.7988,17,33,53.33322,32.608035,M0.0V
G 36-24,2,33,37.17588,24,55,37.68739,32.567888,M3.5Ve
WISE J182831.08+265037.7,18,28,30.30897,26,50,36.0751,32.518046,Y0
LP 98-79,14,30,37.79049,59,43,24.86711,32.514480,M6.5V
BD+16 2708,14,54,29.23618,16,6,3.79799,32.445488,M3V
Gaia DR3 478823780455331968,4,44,54.33202,63,24,8.22582,32.426682,
L 403-34,14,3,51.54592,-42,41,53.00106,32.420268,M5e
G 160-28,3,50,44.2894,-6,5,41.62858,32.379264,M3V
V* AT Mic A,20,41,51.12809,-32,26,6.65728,32.359282,M4.5Ve
G 48-20,9,30,44.58539,0,19,21.59385,32.323621,M3.5V
HD 232979,4,37,40.93042,52,53,37.01296,32.319521,M0.5V
G 203-42,17,3,23.88386,51,24,22.86868,32.315902,M5.0V
UPM J0815-2344,8,15,11.1967,-23,44,15.64643,32.279634,
* 12 Oph,16,36,21.44969,-2,19,28.51302,32.269701,K1V
Wolf 47,1,3,19.83501,62,21,55.83723,32.174043,M5V
BD+61 195,1,2,38.86806,62,20,42.17526,32.157738,M1.5V
CFBDS J213926+022023,21,39,26.76936,2,20,22.6968,32.133596,L8.5+T3.5
HD 151288,16,45,6.35054,33,30,33.21382,32.114138,K7.5Ve
CWISEP J225628.97+400227.3,22,56,28.1543,40,2,30.2106,32.038900,
2MASSW J1515008+484742,15,15,0.85304,48,47,41.2897,31.987211,L6.5
Gaia DR3 4184806921079575808,19,22,42.36329,-14,7,44.51078,31.902952,
G 268-110,1,4,53.8031,-18,7,28.62556,31.887699,dM5.0
Ross 905,11,42,11.09334,26,42,23.65078,31.881871,M3V
LP 655-48,4,40,23.27464,-5,30,8.12538,31.790881,M7.5Ve
WISE J111239.24-385700.7,11,12,38.61762,-38,57,7.9524,31.789084,T9
2MASS J02572581-3105523,2,57,25.83581,-31,5,52.19577,31.758347,L8.5
G 119-36,10,49,45.62779,35,32,51.10894,31.742028,M5V
2MASS J20304235+0749358,20,30,42.33032,7,49,35.77917,31.728287,T1.5
2MASS J22361685+5105487,22,36,16.8564,51,5,48.7212,31.727237,T5
L 88-59,1,43,0.98338,-67,18,30.35306,31.694002,DA8.1
HD 197481,20,45,9.5325,-31,20,27.23789,31.683103,M1VeBa1
CD-48 11837,17,35,13.61721,-48,40,51.1214,31.571193,M1.5V
2MASS J14053729+8350248,14,5,37.22584,83,50,24.75698,31.528680,L8
G 161-7,9,15,36.402,-10,35,47.229,31.500483,M5.0V
WISE J114156.71-332635.8,11,41,57.47446,-33,26,34.573,31.361154,Y0
CD-40 5404,9,39,46.3688,-41,4,3.20442,31.332322,M3V
PM J20502-3424,20,50,16.15988,-34,24,42.59881,31.321701,M5e
* 61 UMa,11,41,3.01627,34,12,5.88161,31.233457,G8V
Wolf 1069,20,26,5.30213,58,34,22.68042,31.228583,dM5.0
* 20 Crt,11,34,29.48644,-32,49,52.82279,31.177298,K0V
G 42-24,9,53,55.17268,20,56,46.79303,31.132510,M4.0Ve
BD+43 2796,17,43,55.96298,43,22,43.00003,31.087731,M2V
G 144-25,20,40,33.86325,15,29,58.73006,31.086457,M4.5V
G 192-15,6,2,29.19432,49,51,56.15554,31.074610,M5.0V
L 35-12,9,17,5.32381,-77,49,23.38348,31.052539,M4.5V
BPS CS 22879-0089,20,49,9.96226,-40,12,6.02531,31.016542,M4.5Ve
G 234-45,8,41,20.12866,59,29,50.44406,30.975891,dM5.5
CD-51 6859,12,37,52.2161,-52,0,5.32243,30.960248,M3V(e)
HD 285968,4,42,55.77502,18,57,29.39595,30.936520,M2.5V
PM J18057-1422,18,5,44.6536,-14,22,42.48535,30.908552,M5.5V
G 222-11,6,10,19.84681,82,6,24.31857,30.859596,M2.5V
1RXS J115928.5-524717,11,59,27.36125,-52,47,18.91132,30.855246,M9Ve
L 678-39,9,36,1.63722,-21,39,38.87761,30.775560,M2.5V
BD-17 588,3,1,51.38955,-16,35,36.11028,30.723060,M3.5+M3.0
CD-45 5378,9,44,29.83677,-45,46,35.42764,30.719385,M1V
Wolf 1062,19,12,14.61569,2,53,11.43819,30.688544,M3.5V
WISE J193054.64-205949.1,19,30,55.35147,-20,59,38.0975,30.682596,
EGGR 41,4,37,47.40727,-8,49,10.61985,30.671344,DQ8
CD-30 731,2,5,48.5545,-30,10,35.90533,30.593493,M2.5+V
WISE J045853.89+643452.5,4,58,53.57916,64,34,49.5816,30.567573,T8.5
Ross 837,13,58,13.92176,12,34,43.90303,30.527403,M3.5Ve
2MASS J03400942-6724051,3,40,9.35138,-67,24,4.43931,30.521747,L7::
2MASS J18212815+1414010,18,21,28.15753,14,14,0.85934,30.472215,L5
HD 102365,11,46,31.07253,-40,30,1.28587,30.395965,G2V
GAT 1367,0,11,31.82008,59,8,39.88405,30.371934,M6.0V
WISE J121756.90+162640.8,12,17,56.35451,16,26,53.6955,30.368343,T9+Y0
2MASS J14162408+1348263,14,16,24.07397,13,48,26.19328,30.273210,L5
WISEP J232519.54-410534.9,23,25,19.5384,-41,5,35.0592,30.255659,T9pec
* kap01 Cet,3,19,21.69642,3,22,12.71498,30.255013,G5V
G 112-50,7,51,54.6713,0,0,12.25902,30.241968,M4.5V
* gam Pav,21,26,26.60498,-65,21,58.31306,30.196778,F9VFe-1.4CH-0.7
CFBDS J005910-011401,0,59,10.4899,-1,14,1.313,30.143808,T9.0
LP 469-67,2,2,16.243,10,20,13.93775,30.127602,M5.5V
LP 776-46,5,3,20.08448,-17,22,24.72134,30.123429,M3V
L 737-9,5,8,35.0445,-18,10,19.38892,30.108913,M3.5V
2MASS J17502484-0016151,17,50,24.81089,0,16,14.99544,30.038064,L5.5
* bet Com,13,11,52.39383,27,52,41.46231,29.998252,F9.5V
Ross 1015,13,42,43.26908,33,17,24.32444,29.980246,M4V
HD 103095,11,52,58.76734,37,43,7.25411,29.914445,K1V_Fe-1.5
WISEP J213456.73-713743.6,21,34,56.7372,-71,37,44.58,29.895142,T9pec
2MASS J03552337+1133437,3,55,23.37359,11,33,43.79703,29.884706,L5gamma
LP 783-2,7,40,19.37182,-17,24,45.91295,29.852866,M6.5Ve
WISE J071322.55-291751.9,7,13,22.28092,-29,17,47.737,29.840439,Y0
LAWD 25,7,40,20.78867,-17,24,49.15687,29.828431,DZQA6
ULAS J141623.94+134836.3,14,16,23.94216,13,48,36.3204,29.731632,T7.5p
WT 460,14,11,59.89931,-41,32,21.91653,29.722880,M5.5e
2MASS J06523073+4710348,6,52,30.71827,47,10,34.92659,29.713998,L5.0
V* V374 Peg,22,1,13.1242,28,18,24.90731,29.689736,M3.5Ve
EGGR 246,0,41,26.027,-22,21,2.29216,29.670074,DQ9
LP 469-206,2,16,29.85139,13,35,12.78395,29.664029,M5.0Ve
HD 115953,13,19,45.54627,47,46,40.90554,29.654940,M2V
* del Eri,3,43,14.90054,-9,45,48.21096,29.643700,K0+IV
2MASSI J0727182+171001,7,27,18.246,17,10,1.2072,29.612856,T7.0
CD-31 9113,11,35,26.94777,-32,32,23.88422,29.604497,M2V
V* SZ UMa,11,20,4.82645,65,50,47.3494,29.588544,M2V
G 193-27,7,3,55.72954,52,42,6.56798,29.429477,M5.0V
G 113-20,8,16,7.98131,1,18,9.26521,29.154964,M2.0V
* gam Lep,5,44,27.79062,-22,26,54.18776,29.044311,F6V
V* AK Lep,5,44,26.53672,-22,25,18.6145,29.000383,K2.5V(k)
WISE J181006.21-101000.3,18,10,6.18,-10,10,0.5,28.991644,esdT3:
LEHPM 3396,3,34,12.21847,-49,53,32.028,28.963325,M9
Ross 695,12,24,52.50301,-18,14,32.25714,28.946873,dM2.0
G 111-47,7,58,12.70207,41,18,13.31483,28.865228,M3.5V
HD 32147,5,0,48.99935,-5,45,13.22433,28.845111,K3+V
L 32-9,6,33,43.27744,-75,37,47.95629,28.830093,M2V
L 32-8,6,33,46.7652,-75,37,29.90373,28.829737,M3V
HD 349726,19,7,13.20395,20,52,37.25816,28.806565,M2V
Ross 730,19,7,5.56462,20,53,16.94042,28.799113,M2.0V
BD-05 5715,22,9,40.34431,-4,38,26.65076,28.750219,M3.5V
HD 192310,20,15,17.39138,-27,1,58.71163,28.739453,K2+V
* 41 Ara,17,19,3.83755,-46,38,10.44042,28.672727,G9V
WISENF J193656.08+040801.2,19,36,56.32063,4,8,13.4282,28.635294,
BD+36 2219,11,51,7.33655,35,16,19.24822,28.588759,M1.5V
SCR J0630-7643,6,30,46.6308,-76,43,8.9724,28.582596,M6Ve
HD 50281,6,52,18.05054,-5,10,25.3656,28.521434,K3.5V
LSPM J0036+1821,0,36,16.11189,18,21,10.28667,28.491834,L3.5
* ksi UMa Bb,11,18,10.83601,31,31,44.82169,28.488549,
LP 991-84,1,39,21.72919,-39,36,8.96954,28.459391,M4.5V
G 19-7,16,57,5.73622,-4,20,56.31803,28.382172,dM4
SIPS J1141-3624,11,41,21.52104,-36,24,34.56243,28.340813,M5
V* AP Col,6,4,52.14866,-34,33,35.77444,28.263526,M5
LP 666-9,8,53,36.16048,-3,29,32.19751,28.241647,M9Ve
LP 502-56,15,30,30.32779,9,26,1.44261,28.106599,M5.5V
* zet Tuc,0,20,4.25863,-64,52,29.25719,28.072706,F9.5V
V* CD Cet,3,13,22.91751,4,46,29.33655,28.052135,M4.5V
L 49-19,22,55,45.51276,-75,27,31.20363,28.041137,M3V
WISE J040235.40-265144.5,4,2,34.79742,-26,51,38.684,28.020275,
Wolf 461,13,0,33.52218,5,41,7.99662,27.868792,M4.5Ve
EGGR 453,22,53,53.38517,-6,46,54.48823,27.843550,DZ13
* 61 Vir,13,18,24.31399,-18,18,40.29775,27.835518,G6.5V
CD-32 5613,8,41,32.42909,-32,56,32.91582,27.782524,DA5.5
CD-37 10765,16,20,3.50743,-37,31,44.40701,27.764668,M3V
G 89-32,7,36,25.11821,7,4,43.13928,27.736712,M4.5V
Ross 64,6,24,41.28487,23,25,58.9361,27.704600,M4V
* bet CVn,12,33,44.54425,41,21,26.92135,27.634110,G0V
UCAC4 747-070768,21,51,40.10769,59,17,34.855,27.604056,DAH
2MASS J00345157+0523050,0,34,51.57696,5,23,5.0964,27.454209,T6.5
SCR J1546-5534,15,46,41.69131,-55,34,47.48646,27.385928,M7.5
HD 32450,5,2,28.47095,-21,15,24.0428,27.330004,K7V
SCR J1138-7721,11,38,16.77454,-77,21,48.5859,27.329546,M5.0V
G 130-4,23,43,6.31184,36,32,13.1373,27.275266,M4.5Ve
G 227-29,18,22,27.09476,62,3,1.74663,27.235977,M4.0V
Wolf 489,13,36,31.85218,3,40,45.94217,27.234908,DC9
* mu.02 Her,17,46,25.17891,27,43,2.13676,27.227133,M3.5V
* mu.01 Her,17,46,27.5473,27,43,14.56098,27.196710,G5IV
LAWD 96,0,2,10.7242,-43,9,55.39058,27.176428,DAP5.8
2MASS J03480772-6022270,3,48,7.72104,-60,22,27.0624,27.157036,T7
G 207-16,19,7,42.98736,32,32,41.7012,27.134443,M3V
WISE J115013.85+630241.5,11,50,13.23085,63,2,47.1108,26.866227,T8
CD-68 47,1,10,22.8809,-67,26,41.94866,26.855454,M2.5V
Ross 318,1,2,32.23543,71,40,47.33626,26.853000,M3.0V
HD 217357,23,0,16.12215,-22,31,27.64968,26.850215,K7+Vk
L 173-19,2,0,38.2883,-55,58,4.62489,26.798150,M2.0Ve
* p Eri A,1,39,47.8127,-56,11,35.94431,26.710278,K2V
UGPS J052127.27+364048.6,5,21,27.49893,36,40,41.2068,26.690344,T8.5
LAWD 26,7,53,8.1439,-67,47,31.38201,26.643902,DA9.0
BD+18 3421,17,37,53.34684,18,35,30.1641,26.613118,M1.5V
IRAS 21500+5903,21,51,38.31942,59,17,39.86786,26.504508,dM4.0
EGGR 290,5,56,25.45999,5,21,48.44318,26.473938,DA8P
L 674-15,8,12,40.88897,-21,33,6.98256,26.472992,M3.5V
G 13-22,12,14,16.54896,0,37,26.36245,26.378849,M4.5Ve
G 262-15,20,30,32.0454,65,26,58.41136,26.376353,M3V
2MASSW J2148162+400359,21,48,16.29866,40,3,59.33185,26.371981,L7
Wolf 437,12,47,56.62457,9,45,5.03567,26.350589,M3.5V
L 399-68,12,40,46.2894,-43,33,58.99174,26.263698,M3V
G 122-49,11,50,57.72053,48,22,38.56118,26.231444,M4.5V
* pi.03 Ori,4,49,50.41121,6,57,40.60062,26.172085,F6V
CD-44 3045,6,57,46.60263,-44,17,28.31174,26.123829,M3.5V
SCR J0740-4257,7,40,11.80717,-42,57,40.29197,26.029426,M4.5
G 154-44,18,7,32.83771,-15,57,47.06839,25.998697,M4.0Ve
2MASS J07290002-3954043,7,29,0.02496,-39,54,4.3992,25.823911,T8pec
WISE J000517.48+373720.5,0,5,16.614,37,37,23.2493,25.701812,T9
* p Eri,1,39,47.53953,-56,11,47.09968,25.512829,K2V+K2V
WISEP J180026.60+013453.1,18,0,26.47865,1,34,56.89505,25.470073,L7.5
G 227-22,18,2,16.60387,64,15,44.2416,25.420227,M5.0V
G 109-35,6,59,28.8165,19,20,55.85787,25.286037,M5.0Ve
HD 165222,18,5,7.57875,-3,1,52.74918,25.240678,M0V
G 192-13,6,1,11.04551,59,35,49.88407,25.224476,M4.0V
LP 881-64,0,24,44.17749,-27,8,25.26323,25.221491,M5.5/6Ve+M8.5Ve+M9/9.5V
SIPS J1259-4336,12,59,4.76997,-43,36,24.43552,25.199646,M8:
HD 157881,17,25,45.23243,2,6,41.12373,25.157448,K7V
BD-03 2870,10,12,17.66825,-3,44,44.39204,25.136412,M2V
* alf PsA,22,57,39.04625,-29,37,20.05332,25.125645,A4V
V* VX Ari,2,44,15.50974,25,31,24.11485,25.051231,dM3
* alf Lyr,18,36,56.33635,38,47,1.28024,25.044613,A0V
L 499-56,22,2,29.3843,-37,4,51.30473,25.008396,M3.5V
WISEA J235402.79+024014.1,23,54,2.41845,2,40,18.5413,24.973660,Y1
* 107 Psc,1,42,29.76253,20,16,6.64566,24.931014,K1V
G 258-33,18,18,57.23258,66,11,33.30433,24.925355,M4.5Ve
WISE J173835.53+273259.0,17,38,35.27114,27,33,2.3494,24.916425,Y0
BD+11 2576,13,29,59.7859,10,22,37.78453,24.878167,M1.0V
2MASS J20005017+3629465,20,0,50.17656,36,29,46.5432,24.859451,T8
G 141-36,18,48,17.53735,7,41,21.18651,24.844492,M5.0V
V* TW PsA,22,56,24.05256,-31,33,56.03058,24.792839,K4Ve
Gaia DR3 6702242043883732864,18,18,6.31573,-51,24,40.31694,24.565637,
G 24-16,20,29,48.31792,9,41,20.59051,24.374324,M4.5V
* bet Hyi,0,25,45.07036,-77,15,15.28603,24.327292,G0V
Wolf 922,21,31,18.56903,-9,47,26.48227,24.324915,M4.5V
HD 4628,0,48,22.97598,5,16,50.20948,24.250454,K2.5V
2MASSW J1507476-162738,15,7,47.67583,-16,27,40.11398,24.169121,L5V
WISEP J031325.96+780744.2,3,13,25.80778,78,7,43.8415,24.052802,T8.5
2MASS J06073908+2429574,6,7,39.01993,24,29,56.79408,23.623948,L9
HD 156384Cf,17,18,58.8273,-34,59,48.61267,23.623143,
L 788-34,22,23,6.99681,-17,36,26.33304,23.595509,M4.5Ve
2MASS J08354256-0819237,8,35,42.53144,-8,19,23.37213,23.580718,L6.5
HD 16160,2,36,4.90134,6,53,12.38365,23.576406,K3V
V* BX Cet,2,36,15.26687,6,52,17.9156,23.559869,M3.5V
G 157-77,23,35,10.46243,-2,23,20.61355,23.407390,M5.0Ve
WISE J004945.61+215120.0,0,49,46.08792,21,51,20.43,23.230484,T8.5
L 230-188,4,10,28.1234,-53,36,8.13855,23.181595,M4.5V
WISE J205628.91+145953.2,20,56,28.31061,14,59,47.801,23.164489,Y0
2MASS J05212615+1025328,5,21,26.15664,10,25,32.8764,23.098867,T7.5
LP 914-54,14,56,38.26347,-28,9,48.61915,23.002897,M7.0Ve
LSPM J2146+3813,21,46,22.07247,38,13,4.97731,22.985794,M5V
HD 199305,20,53,19.78892,62,9,15.81726,22.959953,M1.0V
BD+01 2447,10,28,55.55128,0,50,27.5989,22.953360,dM2
BD-17 588BC,3,1,51.07687,-16,35,31.06608,22.876903,M2.5V
Wolf 358,10,50,52.03124,6,48,29.25962,22.722450,M4V
CWISE J105512.11+544328.3,10,55,14.78785,54,43,31.9751,22.493517,sdT8
HD 216899,22,56,34.80465,16,33,12.35564,22.397225,M1.5V
LTT 1445Ad,3,1,51.39367,-16,35,36.03118,22.386648,
HD 156384,17,18,57.16483,-34,59,23.14156,22.295167,K3V+K5V
2MASS J19284155+2356016,19,28,41.50903,23,56,2.17038,22.277396,T6
Ross 619,8,11,57.56917,8,46,22.95289,22.079070,M4.5V
* ksi Boo A,14,51,23.38847,19,6,1.6198,22.027224,G7Ve
Ross 104,11,0,4.25701,22,49,58.64501,22.008035,M4V
Scholz's star,7,20,3.25368,-8,46,49.9044,21.919086,M9.5+T5
* ksi Boo,14,51,23.37993,19,6,1.69937,21.892603,G7Ve+K5Ve
L 471-42,12,38,49.09841,-38,22,53.67042,21.732418,M4.5V
WISE J041022.71+150248.4,4,10,22.07612,15,3,10.984,21.556907,Y0
WISEA J082507.37+280548.2,8,25,7.40427,28,5,50.8636,21.373263,Y0.5
HD 219134.04,23,13,16.97496,57,10,6.08382,21.336351,
L 100-115,9,42,46.34296,-68,53,6.00894,21.212115,M4.0V
Wolf 629,16,55,25.22225,-8,19,21.29697,21.196111,M3.5V
VB 8,16,55,35.25574,-8,23,40.75307,21.183652,M7Ve
G 202-48,16,25,24.62304,54,18,14.76547,21.130895,M1.5V
V* GL Vir,12,18,59.39973,11,7,33.77324,21.083142,M4.5Ve
EGGR 45,5,55,9.53049,-4,10,7.06534,21.010157,DZ11
LP 944-20,3,39,35.25235,-35,25,43.642,20.961425,M9.5Ve
2MASS J15031961+2525196,15,3,19.6109,25,25,19.79568,20.937527,T5.5
LP 368-128,9,0,23.54612,21,50,4.90133,20.738787,M6.5Ve
HD 79211,9,14,24.68285,52,41,10.90247,20.658148,M0V
WISE J140518.39+553421.3,14,5,21.24937,55,34,18.8785,20.616688,Y0(pec?)
BD-07 4003,15,19,26.82694,-7,43,20.1895,20.549363,M3V
GJ 896 Ab,23,31,52.17385,19,56,14.1304,20.427725,
BD-11 3759,14,34,16.81166,-12,31,10.4145,20.394629,M3.5V
EGGR 372,17,48,7.99282,70,52,35.92205,20.258741,DQ9P
HD 152751,16,55,28.75757,-8,20,10.78785,20.206679,M3.5Ve
WISE J220905.73+271143.9,22,9,4.80497,27,11,58.1425,20.170439,Y0:
HD 191849,20,13,53.39625,-45,9,50.47055,20.106142,M0V
2MASSI J0937347+293142,9,37,34.87968,29,31,40.9908,19.961809,T6
SIMP J013656.5+093347.3,1,36,56.56054,9,33,47.31197,19.954750,T2.0
* del Pav,20,8,43.60887,-66,10,55.44277,19.893092,G8IV
* e Eri,3,19,55.65091,-43,4,11.21519,19.704430,G6V
HD 191408,20,11,11.93877,-36,6,4.35173,19.609300,K2.5V
WISE J154151.65-225024.9,15,41,52.28912,-22,50,24.706,19.542001,Y0
V* YZ CMi,7,44,40.1723,3,33,8.87523,19.533001,M4.0Ve
* 36 Oph A,17,15,20.78365,-26,36,6.11721,19.413689,K2V
* 36 Oph,17,15,20.98394,-26,36,10.15711,19.351845,K2V+K1V
HD 131976,14,57,26.5333,-21,24,41.5778,19.325473,M1.5V
* eta Cas,0,49,6.29459,57,48,54.63824,19.318353,F9V
VB 10,19,16,57.61095,5,9,1.60092,19.304460,M8V
CD-40 9712,15,32,12.93231,-41,16,32.13043,19.299571,M2.5V
HD 180617,19,16,55.25657,5,10,8.04055,19.292151,M3-V
V* BR Psc,23,49,12.52509,2,24,4.40548,19.274503,dM1
L 347-14,19,20,47.98432,-45,33,29.64354,19.272361,M4.5V
L 205-128,17,46,34.23307,-57,19,8.55845,19.207770,M3.5V
HD 131977,14,57,28.00079,-21,24,55.72727,19.198713,K4V
Ross 47,5,42,9.26769,12,29,21.60484,18.888301,M4V
* sig Dra,19,32,21.59021,69,39,40.23581,18.799278,K0V
HD 42581,6,10,34.61494,-21,51,52.65635,18.790602,M1V
Gaia DR3 6305165514134625024,14,59,54.38663,-18,32,15.7652,18.741873,
2MASSI J0415195-093506,4,15,19.54368,-9,35,6.6732,18.708042,T8.0
HD 36395,5,31,27.39579,-3,40,38.024,18.604200,M1.5Ve
LSR J1835+3259,18,35,37.88012,32,59,53.3161,18.553412,M8.5V
WISEP J174124.25+255319.5,17,41,24.62064,25,53,34.3608,18.531591,T9
WISE J035000.32-565830.2,3,50,0.59649,-56,58,24.2429,18.489569,Y1
2MASS J11145133-2618235,11,14,51.3372,-26,18,23.562,18.447738,T7.5
LP 816-60,20,52,33.0166,-16,58,29.00328,18.330456,M4V
HD 265866,6,54,48.95806,33,16,5.43828,18.214605,M3V
G 175-34,4,31,11.51443,58,58,37.46385,17.995429,M4.0V
EGGR 180,4,31,12.57144,58,58,41.29271,17.992531,DC5
HD 119850,13,45,43.77556,14,53,29.47171,17.726236,M2V
2MASS J02540788+0223563,2,54,7.8864,2,23,56.346,17.630054,T8.0
LP 656-38,5,1,57.42613,-6,56,46.37628,17.530877,M4.0Ve
HD 101847BC,11,43,11.78701,-39,25,56.35705,17.422863,
UCAC4 195-119117,15,40,43.53645,-51,1,35.96516,17.373768,M7.0V
G 9-38,8,58,15.06178,19,45,46.9602,17.166105,M7V+M7V
G 254-29,11,47,41.38692,78,41,28.17623,17.136783,M4.0V
2MASS J08173001-6155158,8,17,29.99888,-61,55,15.65863,17.001796,T6
G 99-49,6,0,3.50422,2,42,23.59258,16.986097,M3.5Ve
2MASS J15065257+7027247,15,6,52.44056,70,27,25.15128,16.817262,T6
* alf Aql,19,50,46.99855,8,52,5.95631,16.730239,A7Vn
2MASS J09393548-2448279,9,39,35.48976,-24,48,27.9432,16.640612,T8
V* EV Lac,22,46,49.73126,44,20,2.37438,16.476078,M4.0Ve
* omi02 Eri,4,15,16.31962,-7,39,10.33078,16.339826,K0V
CD-44 11909,17,37,3.66546,-44,19,9.16649,16.332756,M3.5V
G 158-50,0,15,28.1109,-16,8,1.63033,16.264699,M4V
HD 204961,21,33,33.97512,-49,0,32.39943,16.200456,M1.5V
V* AD Leo,10,19,36.28082,19,52,12.01045,16.193924,dM3
WISE J163940.83-684738.6,16,39,40.83744,-68,47,38.6376,16.122392,Y0pec
BD+44 2051,11,5,28.57695,43,31,36.38695,15.996853,M1.0V
HD 88230,10,11,22.13995,49,27,15.25101,15.885655,K6VeFe-1
DENIS J025503.3-470049,2,55,3.69271,-47,0,51.3569,15.877125,L9
G 158-27,0,6,43.19732,-7,32,17.0191,15.805961,M5.5V
L 143-23,10,44,21.23291,-61,12,35.27536,15.758628,M5.5V
G 208-44,19,53,54.48212,44,24,51.34156,15.302940,M5.5Ve
BD-15 6290,22,53,16.73258,-14,15,49.30405,15.238229,M3.5V
G 208-45,19,53,55.1405,44,24,54.14726,15.200129,M6V
LAWD 37,11,45,42.91693,-64,50,29.46196,15.122548,DQ
LP 731-58,10,48,12.61425,-11,20,9.61069,14.870547,M6.5V
CD-46 11540,17,28,39.94558,-46,53,42.6881,14.849146,M3V
BD+68 946,17,36,25.89931,68,20,20.90963,14.839451,M3.0V
V* TZ Ari,2,0,12.95632,13,3,7.00057,14.577971,M4.5V
HD 225213,0,5,24.42844,-37,21,26.50793,14.174718,M2V
Wolf 424 A,12,33,17.41763,9,1,16.04491,14.112068,
Wolf 28,0,49,9.89834,5,23,18.99383,14.071792,DZ7.5
BD-12 4523,16,30,18.05839,-12,39,45.32122,14.050030,M3V
WISE J072227.27-054029.9,7,22,27.906,-5,40,33.577,13.433114,T9
Ross 614,6,29,23.39152,-2,48,48.80391,13.423941,M4.5V
DENIS J104814.6-395606,10,48,14.57361,-39,56,6.84274,13.193180,M8.5Ve:
SCR J1845-6357,18,45,5.25325,-63,57,47.45011,13.063740,M8.5V
HD 239960,22,27,59.47299,57,41,45.23253,13.049372,M3
V* AX Mic,21,17,15.26907,-38,52,2.50394,12.947199,M1V
HD 33793,5,11,40.58984,-45,1,6.36173,12.830755,M1VIp
Teegarden's Star,2,53,0.89179,16,52,52.63219,12.496954,dM6
BD+05 1668,7,27,24.49897,5,13,32.84149,12.348458,M3.5V
V* YZ Cet,1,12,30.63688,-16,59,56.35801,12.122176,M4.0Ve
L 372-58,3,35,59.69916,-44,30,45.73083,11.983914,M5.5V
* tau Cet,1,44,4.08314,-15,56,14.92761,11.911777,G8V
* eps Ind,22,3,21.65363,-56,47,9.5228,11.866989,K5V
G 51-15,8,29,49.35279,26,46,33.62414,11.679730,M6.5Ve
HD 1326,0,18,22.88498,44,1,22.63795,11.619099,M2V
GJ 725 Bc,18,42,46.89467,59,37,36.72116,11.490929,
HD 173739,18,42,46.70439,59,37,49.40945,11.490836,M3V
* 61 Cyg A,21,6,53.93959,38,44,57.90235,11.404259,K5V
V* EZ Aqr,22,38,33.576,-15,17,59.757,11.108856,M5V
Ross 128,11,47,44.39727,0,48,16.40034,11.007431,dM4
HD 217987,23,5,52.03579,-35,51,11.05519,10.724039,M2V
* eps Eri,3,32,55.84449,-9,27,29.73949,10.501605,K2V
Ross 248,23,41,55.0363,44,10,38.81891,10.305699,M5.0V
CD-23 14742,18,49,49.36378,-23,50,10.44738,9.706255,M3.5Ve
G 272-61,1,39,1.45294,-17,57,2.04516,8.697493,M5.5V+M6V
HD 95735,11,3,20.19482,35,58,11.57618,8.304356,M2+V
Wolf 359,10,56,28.92087,7,0,53.00329,7.855785,dM6
WISEA J085510.74-071442.5,8,55,16.53798,-7,14,49.3728,7.429522,Y2
Luhman 16,10,49,18.91536,-53,19,10.0776,6.502870,L7.5+T0.5
Barnard's star,17,57,48.49847,4,41,36.11388,5.962895,M4V
* alf Cen Ab,14,39,36.494,-60,50,2.3737,4.394923,
Proxima Centauri,14,29,42.94613,-62,40,46.16468,4.246455,M5.5Ve
